COMPANION_SEQ,TRAVEL_ID,REL_CD,COMPANION_GENDER,COMPANION_AGE_GRP,COMPANION_SITUATION
2,e_e000003,2,1,2,1
1,e_e000003,1,2,5,1
3,e_e000003,2,2,2,1
1,e_e000340,1,1,5,1
3,e_e000340,2,1,1,1
2,e_e000340,2,1,1,1
1,e_e000515,1,2,5,1
3,e_e000515,2,2,1,1
2,e_e000515,2,2,2,1
4,e_e000515,2,1,1,1
1,e_e000654,8,1,4,1
6,e_e001062,7,1,5,3
1,e_e001062,7,1,5,3
3,e_e001062,7,1,5,3
5,e_e001062,7,1,5,3
7,e_e001062,7,1,5,3
2,e_e001062,7,1,5,3
4,e_e001062,7,1,5,3
1,e_e004690,1,2,4,1
1,e_e004785,8,1,3,1
1,e_e006945,5,2,5,1
1,e_e008914,8,1,4,1
3,e_e008914,3,2,6,3
2,e_e008914,3,1,6,1
1,f_f000007,1,1,4,1
1,f_f000012,8,1,4,1
1,f_f000014,1,2,3,1
2,f_f000015,7,2,3,1
1,f_f000015,7,2,3,1
3,f_f000015,7,2,3,2
1,f_f000021,1,1,6,1
2,f_f000021,2,2,3,1
1,f_f000022,3,1,8,3
3,f_f000022,3,2,8,3
2,f_f000022,3,1,8,3
2,f_f000023,7,1,6,3
4,f_f000023,9,1,5,3
1,f_f000023,1,2,6,1
3,f_f000023,11,2,6,3
1,f_f000026,8,2,4,1
2,f_f000028,2,2,3,1
1,f_f000028,1,1,5,1
2,f_f000029,2,2,1,1
4,f_f000029,3,2,7,3
1,f_f000029,1,1,5,1
3,f_f000029,5,1,3,3
2,f_f000031,2,1,1,1
1,f_f000031,1,1,5,1
2,f_f000032,2,1,1,1
1,f_f000032,1,1,5,1
3,f_f000032,2,1,1,1
1,f_f000034,1,1,5,1
1,f_f000039,8,1,4,1
1,f_f000264,8,1,4,1
1,f_f000265,2,2,1,1
3,f_f000265,5,2,4,3
5,f_f000265,7,2,5,3
2,f_f000265,2,2,1,1
4,f_f000265,3,2,7,3
2,f_f000268,2,2,2,3
4,f_f000268,6,2,4,3
6,f_f000268,6,2,1,3
1,f_f000268,1,1,4,1
3,f_f000268,4,2,7,3
5,f_f000268,6,1,4,3
3,f_f000273,2,1,2,1
2,f_f000273,2,1,2,1
1,f_f000273,1,1,5,1
1,f_f000274,7,2,4,1
1,f_f000275,8,1,4,1
1,f_f000278,2,1,2,1
1,f_f000279,8,2,3,1
2,f_f000280,7,2,6,2
1,f_f000280,7,2,6,1
2,f_f000282,3,1,7,1
1,f_f000282,3,2,7,1
1,f_f000296,3,2,7,1
1,f_f000297,2,1,1,1
3,f_f000297,3,2,7,2
2,f_f000297,1,1,5,1
3,f_f000298,2,1,1,1
2,f_f000298,2,1,1,1
1,f_f000298,1,1,4,1
1,f_f000301,7,1,3,3
1,f_f000304,1,1,4,1
3,f_f000304,2,2,2,1
2,f_f000304,2,2,2,1
2,f_f000311,7,2,4,1
1,f_f000311,1,1,5,1
3,f_f000311,2,1,1,1
2,f_f000318,7,2,6,1
1,f_f000318,7,2,6,1
3,f_f000318,7,2,6,1
1,f_f000319,8,2,3,1
1,f_f000320,2,2,2,1
2,f_f000320,2,1,1,1
2,f_f000324,2,1,1,1
1,f_f000324,1,1,5,1
3,f_f000324,2,1,1,1
1,f_f000326,1,1,5,1
2,f_f000326,2,2,1,1
1,f_f000332,7,2,6,1
3,f_f000332,7,2,5,1
2,f_f000332,7,2,5,1
2,f_f000333,3,2,7,1
1,f_f000333,3,1,7,1
3,f_f000333,5,1,4,1
1,f_f000334,1,1,5,1
2,f_f000334,2,2,2,1
1,f_f000336,1,1,5,1
3,f_f000336,7,2,6,2
2,f_f000336,2,2,1,1
4,f_f000336,7,2,1,2
1,f_f000337,1,1,4,1
1,f_f000340,7,1,5,3
2,f_f000341,2,2,1,1
1,f_f000341,1,1,4,1
1,f_f000342,1,1,4,1
3,f_f000342,3,1,8,3
2,f_f000342,2,1,1,1
4,f_f000342,3,2,7,3
1,f_f000344,1,1,5,1
3,f_f000344,3,1,8,1
2,f_f000344,2,2,1,1
4,f_f000344,3,2,7,1
1,f_f000348,1,1,4,1
3,f_f000348,2,2,1,1
2,f_f000348,2,2,1,1
1,f_f000352,1,1,4,1
3,f_f000352,2,1,1,1
2,f_f000352,2,2,1,1
2,f_f000356,2,1,2,1
1,f_f000356,1,1,5,3
1,f_f000362,3,2,6,1
1,f_f000366,1,1,4,1
3,f_f000366,2,1,1,1
2,f_f000366,2,2,1,1
1,f_f000369,7,2,6,1
3,f_f000369,11,2,1,1
2,f_f000369,2,2,1,1
2,f_f000370,2,2,1,1
1,f_f000370,1,2,4,1
1,f_f000371,8,2,5,3
1,f_f000373,8,1,5,1
2,f_f000374,3,2,8,1
1,f_f000374,2,1,2,1
1,f_f000376,8,1,3,1
1,f_f000379,1,1,5,1
3,f_f000379,2,1,2,1
2,f_f000379,2,2,2,1
1,f_f000380,8,1,3,1
1,f_f000383,1,1,5,1
3,f_f000383,2,1,1,1
2,f_f000383,2,1,2,1
1,f_f000387,8,1,4,1
2,f_f000392,2,1,2,1
1,f_f000392,1,1,5,1
3,f_f000392,2,2,2,1
1,f_f000393,8,1,4,1
1,f_f000394,7,2,5,3
1,f_f000398,1,1,5,1
1,f_f000405,7,2,4,1
1,f_f000411,8,1,6,1
1,f_f000412,5,2,3,1
1,f_f000413,2,1,2,1
1,f_f000417,1,1,4,1
3,f_f000417,3,1,7,3
5,f_f000417,5,1,3,3
7,f_f000417,6,2,1,3
2,f_f000417,2,2,1,1
4,f_f000417,3,2,7,3
6,f_f000417,5,1,4,3
2,f_f000422,7,2,5,3
1,f_f000422,7,2,5,1
3,f_f000422,7,2,4,3
1,f_f000423,1,1,5,1
3,f_f000423,2,1,2,1
5,f_f000423,3,2,8,1
7,f_f000423,6,2,1,1
2,f_f000423,2,1,2,1
4,f_f000423,3,1,8,1
6,f_f000423,6,2,5,1
1,f_f000424,6,2,6,1
3,f_f000424,2,2,1,1
2,f_f000424,6,2,6,1
2,f_f000428,11,1,1,1
1,f_f000428,1,1,7,2
1,f_f000431,8,1,3,1
1,f_f000432,1,1,5,1
2,f_f000432,2,2,1,1
1,f_f000434,7,2,3,1
2,f_f000435,2,2,1,1
4,f_f000435,11,2,1,1
1,f_f000435,2,1,1,1
3,f_f000435,7,2,5,1
1,f_f000440,1,1,6,1
2,f_f000440,2,2,2,1
1,f_f000441,1,1,5,1
3,f_f000441,2,1,1,1
2,f_f000441,2,1,2,1
2,f_f000442,2,1,2,1
1,f_f000442,3,2,8,1
2,f_f000444,2,2,1,1
1,f_f000444,1,1,5,1
3,f_f000444,2,1,1,1
1,f_f000446,8,1,3,1
3,f_f000447,2,1,2,1
2,f_f000447,2,2,2,1
1,f_f000447,1,1,5,1
1,f_f000448,7,2,4,1
1,f_f000452,1,1,6,1
2,f_f000452,2,2,1,1
1,f_f000456,7,2,4,1
3,f_f000456,7,2,3,1
2,f_f000456,7,2,3,1
2,f_f000459,5,2,5,1
1,f_f000459,2,2,1,1
3,f_f000459,6,1,1,1
1,f_f000460,2,1,1,1
3,f_f000460,11,1,1,3
2,f_f000460,7,2,5,3
2,f_f000463,2,1,2,1
4,f_f000463,2,2,1,1
1,f_f000463,1,1,5,1
3,f_f000463,2,1,1,1
2,f_f000467,2,1,1,1
1,f_f000467,1,1,5,1
2,f_f000472,2,2,1,1
1,f_f000472,1,1,5,1
1,f_f000474,8,2,3,1
1,f_f000476,7,2,3,3
1,f_f000479,1,1,5,1
3,f_f000479,3,2,7,1
2,f_f000479,3,1,7,1
1,f_f000481,2,1,2,1
1,f_f000486,8,1,3,1
1,f_f000488,1,1,6,1
1,f_f000495,8,1,3,1
1,f_f000499,1,1,5,1
1,f_f000502,7,2,4,3
1,f_f000503,1,1,5,1
3,f_f000503,2,2,1,1
2,f_f000503,2,1,1,1
1,f_f000504,7,2,5,1
2,f_f000507,3,2,7,1
1,f_f000507,3,1,7,1
1,f_f000517,1,2,4,1
2,f_f000517,2,2,1,1
1,f_f000526,1,2,5,1
3,f_f000526,2,1,1,1
2,f_f000526,2,2,2,1
1,f_f000529,3,2,6,1
1,f_f000540,1,1,4,1
2,f_f000540,2,1,2,1
1,f_f000545,1,1,5,1
3,f_f000545,2,1,2,1
2,f_f000545,2,2,2,1
1,f_f000557,1,1,5,1
3,f_f000557,2,1,2,1
2,f_f000557,2,2,2,1
1,f_f000565,8,1,3,1
1,f_f000566,1,2,5,1
3,f_f000566,2,2,2,1
2,f_f000566,2,2,2,1
2,f_f000567,2,2,1,1
1,f_f000567,1,1,5,1
3,f_f000567,2,2,1,1
1,f_f000570,8,2,4,1
6,f_f000573,7,2,4,1
1,f_f000573,7,1,3,1
3,f_f000573,7,1,4,1
5,f_f000573,7,2,3,1
7,f_f000573,7,2,4,1
2,f_f000573,7,1,3,1
4,f_f000573,7,2,3,1
1,f_f000576,10,2,6,3
3,f_f000576,10,2,5,3
2,f_f000576,10,2,5,3
4,f_f000576,10,2,5,1
2,f_f000578,2,2,1,1
1,f_f000578,1,2,4,1
3,f_f000578,3,2,6,1
1,f_f000581,1,1,5,1
3,f_f000581,2,1,1,1
2,f_f000581,2,1,1,1
1,f_f000582,5,2,3,1
1,f_f000583,8,1,4,1
1,f_f000592,1,1,7,1
2,f_f000592,2,2,4,1
1,f_f000593,1,1,5,1
2,f_f000593,2,2,2,1
1,f_f000595,1,1,5,1
3,f_f000595,2,2,2,1
2,f_f000595,2,2,2,1
1,f_f000599,6,2,3,1
1,f_f000600,3,1,7,3
3,f_f000600,5,1,5,1
5,f_f000600,6,2,1,1
2,f_f000600,3,2,7,3
4,f_f000600,6,2,5,1
6,f_f000600,6,1,1,1
1,f_f000601,7,2,3,1
2,f_f000603,3,2,6,1
1,f_f000603,3,1,7,1
1,f_f000605,2,2,1,1
1,f_f000606,1,1,5,1
3,f_f000606,2,2,1,1
2,f_f000606,2,1,2,1
2,f_f000608,2,2,3,1
1,f_f000608,2,2,3,1
2,f_f000612,2,2,1,1
1,f_f000612,1,2,4,1
3,f_f000612,2,2,1,1
1,f_f000618,1,1,5,1
2,f_f000622,2,1,2,1
1,f_f000622,1,2,5,1
3,f_f000622,2,2,1,1
1,f_f000624,8,1,4,1
1,f_f000626,1,2,5,1
1,f_f000633,8,2,4,1
7,f_f000634,6,1,2,1
2,f_f000634,3,2,6,1
4,f_f000634,4,2,8,1
6,f_f000634,6,2,6,1
1,f_f000634,3,1,6,1
3,f_f000634,4,1,8,1
5,f_f000634,6,1,6,1
1,f_f000635,7,2,5,1
2,f_f000642,3,1,7,3
1,f_f000642,2,2,1,1
3,f_f000642,3,2,7,3
1,f_f000643,7,2,5,3
2,f_f000643,7,2,5,3
1,f_f000645,7,2,4,1
3,f_f000645,7,2,4,1
2,f_f000645,7,2,4,1
3,f_f000646,2,2,1,1
2,f_f000646,2,2,2,1
1,f_f000646,1,2,4,1
2,f_f000654,2,2,1,1
1,f_f000654,1,1,5,1
1,f_f000658,1,1,5,1
3,f_f000658,3,2,7,1
5,f_f000658,5,2,5,2
7,f_f000658,11,1,5,2
9,f_f000658,11,1,1,2
11,f_f000658,11,1,1,2
2,f_f000658,3,1,8,1
4,f_f000658,5,2,5,2
6,f_f000658,11,1,5,2
8,f_f000658,11,2,2,2
10,f_f000658,11,1,1,2
1,f_f000659,5,2,4,1
3,f_f000659,3,2,6,1
5,f_f000659,6,2,6,1
7,f_f000659,11,1,6,1
2,f_f000659,6,2,3,1
4,f_f000659,6,2,6,1
6,f_f000659,6,2,7,1
2,f_f000663,2,2,1,1
1,f_f000663,1,1,4,1
3,f_f000663,2,2,1,1
1,f_f000668,1,2,4,1
3,f_f000668,3,2,7,1
2,f_f000668,3,1,7,1
1,f_f000675,3,2,6,1
1,f_f000677,1,1,5,1
3,f_f000677,2,2,1,1
2,f_f000677,2,2,1,1
1,f_f000684,8,1,4,1
1,f_f000685,1,1,5,1
2,f_f000685,2,1,1,1
1,f_f000686,3,2,7,1
1,f_f000692,7,2,6,1
2,f_f000692,7,2,6,1
1,f_f000693,9,2,4,1
1,f_f000696,7,2,4,1
2,f_f000696,11,2,1,1
1,f_f000697,3,1,7,1
2,f_f000697,3,2,7,1
1,f_f000699,1,2,5,1
3,f_f000699,2,1,1,1
5,f_f000699,6,2,7,3
7,f_f000699,6,2,4,3
2,f_f000699,2,1,1,1
4,f_f000699,6,1,7,3
6,f_f000699,6,1,4,3
2,f_f000704,2,2,1,1
1,f_f000704,1,1,4,1
2,f_f000707,2,1,2,1
4,f_f000707,2,2,1,1
1,f_f000707,1,2,5,1
3,f_f000707,2,2,2,1
1,f_f000708,1,1,4,1
3,f_f000708,3,1,7,1
2,f_f000708,2,1,1,1
4,f_f000708,3,2,7,1
1,f_f000709,7,2,4,3
2,f_f000709,7,2,4,3
1,f_f000717,1,2,6,1
4,f_f000720,2,1,1,1
1,f_f000720,1,1,5,1
3,f_f000720,2,1,2,1
2,f_f000720,2,1,2,1
2,f_f000721,11,1,2,3
1,f_f000721,7,2,5,3
1,f_f000723,8,1,4,1
1,f_f000724,1,1,5,1
2,f_f000724,2,2,2,1
1,f_f000726,3,2,6,1
2,f_f000731,5,2,5,1
1,f_f000731,5,2,6,1
3,f_f000731,6,1,6,1
1,f_f000734,7,1,6,3
2,f_f000735,7,2,4,1
1,f_f000735,7,2,4,1
3,f_f000735,7,2,4,1
1,f_f000736,8,1,4,1
1,f_f000738,1,2,7,1
2,f_f000739,2,2,2,1
1,f_f000739,1,1,5,1
3,f_f000739,2,2,1,1
1,f_f000741,1,2,5,1
3,f_f000741,2,2,1,1
2,f_f000741,2,2,2,1
2,f_f000746,7,1,4,1
4,f_f000746,7,2,4,1
1,f_f000746,1,2,4,1
3,f_f000746,7,2,4,1
1,f_f000747,8,2,3,1
1,f_f000748,1,2,5,1
3,f_f000748,2,1,2,1
2,f_f000748,2,1,2,1
2,f_f000749,2,1,2,1
1,f_f000749,1,1,5,1
3,f_f000749,2,2,1,1
2,f_f000751,2,2,1,1
1,f_f000751,1,1,5,1
3,f_f000751,2,2,1,1
1,f_f000754,2,2,2,1
1,f_f000755,8,2,4,1
1,f_f000757,8,1,4,1
1,f_f000760,1,2,4,1
2,f_f000762,2,2,3,1
1,f_f000762,1,1,6,1
3,f_f000762,2,2,3,1
1,f_f000769,8,1,3,3
1,f_f000770,8,2,4,1
1,f_f000776,8,2,3,1
1,f_f000778,8,1,4,3
1,f_f000779,3,2,6,1
1,f_f000783,1,1,5,1
1,f_f000787,3,2,7,1
2,f_f000789,2,1,1,1
1,f_f000789,1,2,5,1
2,f_f000792,2,1,1,1
1,f_f000792,1,1,4,1
3,f_f000792,2,1,1,1
2,f_f000793,2,1,1,1
1,f_f000793,1,2,4,1
1,f_f000797,1,1,4,1
2,f_f000797,2,2,1,1
1,f_f000799,1,2,5,1
2,f_f000799,2,1,1,1
1,f_f000801,3,2,7,1
2,f_f000802,2,1,1,1
1,f_f000802,1,1,5,1
1,f_f000805,1,1,5,1
1,f_f000806,8,1,4,1
3,f_f000813,7,2,5,1
5,f_f000813,7,2,5,1
2,f_f000813,7,2,5,1
4,f_f000813,7,2,5,1
1,f_f000813,7,2,5,1
2,f_f000816,7,1,3,1
1,f_f000816,8,1,3,1
3,f_f000816,7,2,3,1
1,f_f000817,1,2,5,1
2,f_f000817,2,2,1,1
1,f_f000818,7,2,3,3
2,f_f000820,2,1,2,1
1,f_f000820,1,1,5,1
3,f_f000820,2,2,2,1
1,f_f000822,7,1,3,1
1,f_f000825,7,2,3,1
2,f_f000825,7,2,3,1
1,f_f000826,1,1,4,1
2,f_f000826,2,2,1,1
1,f_f000827,1,1,7,1
2,f_f000827,2,2,3,1
1,f_f000828,10,1,6,1
3,f_f000828,10,1,6,1
2,f_f000828,10,2,6,1
4,f_f000828,10,1,5,1
1,f_f000834,1,2,4,1
2,f_f000834,2,1,1,1
1,f_f000839,1,1,4,1
2,f_f000839,2,1,1,1
2,f_f000842,2,1,2,1
1,f_f000842,1,1,5,1
3,f_f000842,2,1,2,1
1,f_f000843,7,2,8,1
3,f_f000843,7,2,8,1
2,f_f000843,7,2,8,1
1,f_f000845,8,1,4,1
2,f_f000848,2,2,1,1
1,f_f000848,1,2,5,1
2,f_f000855,2,2,3,1
1,f_f000855,1,1,6,1
3,f_f000855,2,1,3,1
1,f_f000859,8,1,4,1
2,f_f000864,7,2,3,1
1,f_f000864,7,2,3,1
1,f_f000873,1,1,1,1
1,f_f000874,7,1,3,1
1,f_f000875,3,1,6,1
3,f_f000875,4,2,8,1
2,f_f000875,3,2,6,1
2,f_f000876,7,2,6,3
1,f_f000876,7,2,6,1
2,f_f000877,2,2,4,3
1,f_f000877,1,1,7,1
1,f_f000880,1,1,4,1
1,f_f000881,8,1,4,1
1,f_f000885,8,1,3,3
1,f_f000887,3,1,7,3
3,f_f000887,5,2,4,3
5,f_f000887,6,2,1,3
7,f_f000887,6,1,7,3
9,f_f000887,6,2,4,3
2,f_f000887,3,2,6,3
4,f_f000887,6,1,4,3
6,f_f000887,6,2,8,3
8,f_f000887,6,1,5,1
2,f_f000888,2,2,1,1
1,f_f000888,2,1,1,1
3,f_f000888,4,2,7,1
1,f_f000890,8,2,4,1
1,f_f000893,8,1,4,1
1,f_f000894,5,1,3,1
1,f_f000896,1,1,5,1
1,f_f000900,3,2,7,1
2,f_f000900,5,2,5,1
2,f_f000903,2,2,2,1
1,f_f000903,3,2,7,1
3,f_f000903,3,2,2,1
1,f_f000904,3,2,6,1
3,f_f000904,6,2,6,1
2,f_f000904,5,1,3,1
1,f_f000908,8,1,4,1
2,f_f000912,2,1,1,1
4,f_f000912,3,2,7,1
1,f_f000912,1,2,5,1
3,f_f000912,3,1,8,1
1,f_f000913,8,1,3,1
1,f_f000914,8,1,4,1
1,f_f000916,8,2,4,1
1,f_f000918,7,2,4,1
3,f_f000918,7,2,4,3
2,f_f000918,7,2,4,1
2,f_f000926,2,2,2,1
1,f_f000926,1,1,5,1
3,f_f000926,2,1,2,1
2,f_f000927,2,1,2,1
1,f_f000927,1,1,5,1
3,f_f000927,2,1,1,1
1,f_f000928,1,2,4,1
1,f_f000932,3,1,6,1
3,f_f000932,5,2,3,1
2,f_f000932,3,2,6,1
1,f_f000936,8,1,3,1
1,f_f000943,1,2,6,1
1,f_f000944,1,1,4,1
2,f_f000945,2,2,1,1
1,f_f000945,1,2,4,1
2,f_f000947,2,1,1,1
1,f_f000947,1,2,4,1
3,f_f000947,2,2,1,1
1,f_f000951,7,2,3,1
1,f_f000954,8,2,3,1
3,f_f000956,2,2,1,1
2,f_f000956,2,1,1,1
1,f_f000956,1,2,4,1
2,f_f000958,2,2,1,1
1,f_f000958,1,1,4,1
1,f_f000960,1,1,4,1
3,f_f000960,3,2,6,1
2,f_f000960,3,1,6,1
2,f_f000963,2,1,1,1
1,f_f000963,1,1,4,1
2,f_f000970,2,2,1,1
1,f_f000970,1,1,4,1
3,f_f000970,2,2,1,1
1,f_f000971,1,1,4,1
2,f_f000971,2,1,1,1
2,f_f000972,5,2,6,1
1,f_f000972,3,2,8,1
3,f_f000972,5,2,5,1
1,f_f000974,1,1,4,1
3,f_f000974,2,1,1,1
2,f_f000974,2,2,1,1
2,f_f000976,2,1,2,1
1,f_f000976,1,1,5,1
3,f_f000976,2,2,2,1
1,f_f000977,1,2,4,1
3,f_f000977,2,1,2,1
2,f_f000977,2,2,2,1
4,f_f000977,3,2,7,3
1,f_f000981,1,2,4,1
3,f_f000981,2,2,1,1
2,f_f000981,2,1,1,1
1,f_f000994,7,1,4,3
1,f_f000995,1,2,4,1
3,f_f000995,2,1,1,1
2,f_f000995,2,2,1,1
2,f_f000997,2,1,1,1
1,f_f000997,1,1,4,1
1,f_f000998,8,1,4,1
2,f_f001004,2,1,1,1
1,f_f001004,1,1,4,1
3,f_f001004,2,2,1,1
1,f_f001011,1,1,5,1
2,f_f001011,2,2,1,1
1,f_f001012,1,2,5,1
2,f_f001013,7,1,5,3
1,f_f001013,1,1,5,1
3,f_f001013,7,2,5,3
1,f_f001014,8,1,4,1
1,f_f001019,1,2,4,1
3,f_f001019,2,1,1,1
2,f_f001019,2,2,1,1
1,f_f001024,7,2,4,1
2,f_f001027,7,2,7,1
1,f_f001027,7,2,7,1
2,f_f001028,2,1,1,1
1,f_f001028,1,1,5,1
2,f_f001031,2,2,2,1
1,f_f001031,1,1,5,1
3,f_f001031,2,1,2,1
1,f_f001033,8,1,4,1
2,f_f001037,2,1,2,1
1,f_f001037,1,2,4,1
3,f_f001037,2,1,2,1
1,f_f001038,1,1,5,1
3,f_f001038,2,1,1,1
2,f_f001038,2,1,1,1
2,f_f001047,2,1,1,1
1,f_f001047,1,2,5,1
3,f_f001047,2,1,1,1
1,f_f001048,3,2,7,1
2,f_f001048,5,2,4,1
1,f_f001050,8,1,4,1
2,f_f001051,2,1,2,1
1,f_f001051,1,1,5,1
2,f_f001061,6,1,2,1
1,f_f001061,2,1,1,1
3,f_f001061,6,1,2,1
1,f_f001062,8,2,3,1
1,f_f001070,1,2,5,1
3,f_f001070,2,1,1,1
2,f_f001070,2,1,1,1
2,f_f001071,2,1,1,1
1,f_f001071,1,1,5,1
3,f_f001071,2,1,1,1
2,f_f001072,2,2,1,1
1,f_f001072,1,1,5,1
3,f_f001072,2,1,1,1
2,f_f001075,2,2,1,1
4,f_f001075,3,2,7,3
6,f_f001075,5,1,4,3
8,f_f001075,6,2,4,3
1,f_f001075,1,1,4,1
3,f_f001075,3,1,7,3
5,f_f001075,5,1,4,3
7,f_f001075,6,2,4,3
9,f_f001075,6,2,1,3
1,f_f001077,1,2,4,1
3,f_f001077,2,2,2,1
2,f_f001077,2,1,1,1
1,f_f001082,1,1,4,1
3,f_f001082,7,2,4,1
2,f_f001082,7,1,4,1
2,f_f001083,2,1,1,1
1,f_f001083,1,1,4,1
1,f_f001093,2,1,4,1
2,f_f001093,2,1,4,1
1,f_f001097,1,1,4,1
1,f_f001098,1,2,5,1
1,f_f001100,8,1,4,1
1,f_f001101,8,2,3,1
1,f_f001104,8,1,5,1
3,f_f001108,2,2,2,1
2,f_f001108,2,2,3,1
1,f_f001108,1,1,5,1
2,f_f001109,2,2,2,1
1,f_f001109,1,1,5,1
3,f_f001109,2,2,2,1
1,f_f001110,1,1,6,1
1,f_f001114,8,2,3,1
1,f_f001120,1,1,6,1
1,f_f001125,7,2,4,1
1,f_f001130,7,2,6,3
1,f_f001133,1,2,5,1
1,f_f001136,1,2,4,1
3,f_f001136,2,2,1,1
2,f_f001136,2,1,1,1
1,f_f001137,8,2,4,1
1,f_f001140,1,2,5,1
3,f_f001140,2,1,1,1
2,f_f001140,2,1,2,1
3,f_f001141,2,2,2,1
2,f_f001141,2,2,2,1
1,f_f001141,1,1,5,1
2,f_f001148,2,1,1,1
1,f_f001148,1,1,5,1
1,f_f001154,8,2,3,1
1,f_f001161,1,1,5,3
3,f_f001161,2,1,2,1
2,f_f001161,2,2,2,1
2,f_f001162,2,1,1,1
1,f_f001162,1,1,5,1
7,f_f001165,6,1,2,1
2,f_f001165,2,2,2,1
4,f_f001165,3,2,8,1
6,f_f001165,6,2,6,1
8,f_f001165,6,2,2,1
1,f_f001165,1,1,5,1
3,f_f001165,2,2,2,1
5,f_f001165,6,1,6,1
1,f_f001168,1,2,4,1
2,f_f001168,2,1,1,1
1,f_f001170,1,2,5,1
3,f_f001170,2,1,2,1
2,f_f001170,2,1,2,1
2,f_f001173,2,2,2,1
1,f_f001173,2,2,2,1
3,f_f001173,4,2,8,3
1,f_f001178,1,1,4,1
3,f_f001178,2,1,1,1
2,f_f001178,2,1,1,1
1,f_f001180,7,2,3,1
1,f_f001182,2,1,1,1
2,f_f001185,2,2,2,1
1,f_f001185,1,1,5,1
1,f_f001186,5,2,3,1
1,f_f001187,3,2,7,2
2,f_f001187,5,2,4,1
1,f_f001188,5,2,4,1
2,f_f001189,2,2,1,1
1,f_f001189,1,2,5,1
2,f_f001192,7,1,6,1
1,f_f001192,7,1,6,1
1,f_f001196,8,1,4,1
2,f_f001198,2,2,1,1
4,f_f001198,11,1,4,3
1,f_f001198,1,2,5,1
3,f_f001198,11,2,1,3
1,f_f001202,8,2,4,1
1,f_f001205,7,2,3,1
2,f_f001208,2,1,1,1
1,f_f001208,1,2,4,1
2,f_f001212,2,2,1,1
1,f_f001212,1,1,4,1
3,f_f001212,2,1,1,1
1,f_f001216,8,2,3,1
1,f_f001217,7,1,3,1
1,f_f001219,7,2,5,1
1,f_f001232,7,2,3,1
1,f_f001235,7,2,3,1
2,f_f001235,7,2,3,1
1,f_f001237,3,1,6,1
2,f_f001237,3,2,6,1
1,f_f001238,1,1,7,1
3,f_f001238,6,1,7,1
2,f_f001238,5,2,7,1
1,f_f001240,1,2,6,1
2,f_f001243,2,1,1,1
1,f_f001243,1,1,4,1
1,f_f001244,7,2,5,1
1,f_f001246,7,2,4,1
1,f_f001251,2,1,2,1
2,f_f001251,2,2,2,1
1,f_f001252,1,2,5,1
3,f_f001252,2,1,2,1
2,f_f001252,2,2,2,1
2,f_f001253,2,1,1,1
1,f_f001253,1,2,5,1
3,f_f001253,2,2,1,1
1,f_f001255,8,2,3,1
2,f_f001256,2,2,1,1
1,f_f001256,1,1,6,1
1,f_f001257,5,2,3,1
1,f_f001258,8,1,4,1
1,f_f001259,2,1,1,1
1,f_f001264,7,1,6,1
1,f_f001266,1,1,6,1
1,f_f001271,7,2,3,3
2,f_f001271,7,2,3,1
1,f_f001273,3,1,7,1
3,f_f001273,5,1,4,1
2,f_f001273,3,2,6,1
1,f_f001275,8,1,5,1
1,f_f001276,1,1,5,1
3,f_f001276,2,2,1,1
2,f_f001276,2,2,1,1
4,f_f001276,2,1,1,1
2,f_f001279,3,2,6,1
4,f_f001279,5,1,3,1
1,f_f001279,3,1,7,1
3,f_f001279,5,1,4,1
2,f_f001287,11,1,1,1
1,f_f001287,2,2,4,1
2,f_f001292,3,1,6,1
1,f_f001292,3,2,6,1
2,f_f001294,2,2,1,1
1,f_f001294,1,1,5,1
2,f_f001299,2,1,1,1
1,f_f001299,1,2,4,1
3,f_f001299,2,1,1,1
4,f_f001308,1,2,4,1
1,f_f001308,3,1,7,2
3,f_f001308,5,1,4,2
2,f_f001308,3,2,7,2
2,f_f001312,2,2,2,1
1,f_f001312,1,1,5,1
3,f_f001312,2,2,1,1
1,f_f001315,1,1,4,1
2,f_f001315,2,1,1,1
1,f_f001317,1,1,4,1
3,f_f001317,2,2,1,1
2,f_f001317,2,1,1,1
2,f_f001319,2,1,2,1
1,f_f001319,1,1,5,1
3,f_f001319,2,2,1,1
1,f_f001324,7,2,3,1
1,f_f001328,8,1,4,1
1,f_f001331,1,1,4,1
1,f_f001333,8,1,4,1
2,f_f001335,2,2,2,1
1,f_f001335,1,1,5,1
3,f_f001335,2,1,2,1
1,f_f001338,8,2,3,1
2,f_f001350,10,2,6,1
4,f_f001350,10,2,5,3
1,f_f001350,10,2,7,1
3,f_f001350,10,2,6,1
5,f_f001350,10,1,4,3
1,f_f001355,8,1,4,1
1,f_f001356,8,1,4,1
1,f_f001358,1,1,5,1
3,f_f001358,2,2,1,1
2,f_f001358,2,2,2,1
2,f_f001359,7,2,3,3
1,f_f001359,7,2,3,3
3,f_f001364,3,2,7,1
2,f_f001364,2,2,1,1
4,f_f001364,4,2,8,1
1,f_f001364,1,1,4,1
1,f_f001365,1,1,5,1
3,f_f001365,2,2,1,1
5,f_f001365,9,2,4,2
2,f_f001365,2,1,1,1
4,f_f001365,9,1,4,2
6,f_f001365,11,2,1,2
2,f_f001369,2,2,1,1
1,f_f001369,1,2,4,1
2,f_f001370,7,1,3,1
1,f_f001370,7,1,3,1
1,f_f001372,1,2,4,1
2,f_f001373,2,2,1,1
1,f_f001373,1,2,4,1
3,f_f001373,2,2,1,1
1,f_f001374,7,2,6,1
2,f_f001379,2,2,4,1
1,f_f001379,1,2,7,1
3,f_f001379,2,2,2,1
1,f_f001381,1,1,6,1
2,f_f001384,9,2,3,3
1,f_f001384,9,2,3,1
1,f_f001385,1,2,4,1
1,f_f001393,7,2,3,1
1,f_f001402,8,1,4,1
1,f_f001405,1,1,5,2
3,f_f001405,2,2,2,1
5,f_f001405,7,2,5,3
7,f_f001405,6,1,5,3
9,f_f001405,11,1,2,3
2,f_f001405,2,2,2,1
4,f_f001405,7,1,5,3
6,f_f001405,11,2,2,3
8,f_f001405,7,2,5,3
2,f_f001410,2,2,2,1
4,f_f001410,2,2,1,1
1,f_f001410,1,1,5,1
3,f_f001410,2,1,1,1
2,f_f001413,2,1,2,1
1,f_f001413,1,1,6,1
1,f_f001414,8,1,3,1
1,f_f001418,3,2,6,1
2,f_f001419,2,1,2,1
1,f_f001419,1,2,6,1
3,f_f001419,2,2,2,1
4,f_f001424,5,1,2,1
1,f_f001424,3,1,6,1
3,f_f001424,5,1,3,1
2,f_f001424,3,2,6,1
15,f_f001426,10,2,1,1
2,f_f001426,2,1,2,1
4,f_f001426,10,1,5,1
6,f_f001426,10,1,2,1
8,f_f001426,10,1,5,1
10,f_f001426,10,1,1,1
12,f_f001426,10,1,5,1
14,f_f001426,10,1,1,1
1,f_f001426,1,1,5,1
3,f_f001426,2,1,1,1
5,f_f001426,10,2,5,1
7,f_f001426,10,1,2,1
9,f_f001426,10,2,5,1
11,f_f001426,10,1,1,1
13,f_f001426,10,2,5,1
2,f_f001427,2,2,2,1
1,f_f001427,1,2,5,1
3,f_f001427,2,1,1,1
1,f_f001430,3,1,6,1
3,f_f001430,5,2,2,1
2,f_f001430,3,2,5,1
1,f_f001433,1,1,5,1
3,f_f001433,2,2,2,1
5,f_f001433,3,2,7,1
2,f_f001433,2,1,2,1
4,f_f001433,3,1,8,1
1,f_f001443,1,1,7,1
2,f_f001444,2,2,2,1
4,f_f001444,6,1,2,1
1,f_f001444,1,1,5,1
3,f_f001444,6,1,2,1
1,f_f001445,1,1,4,1
2,f_f001461,2,1,1,1
1,f_f001461,1,2,4,1
3,f_f001461,2,2,1,1
2,f_f001462,5,2,6,3
1,f_f001462,5,2,6,3
1,f_f001463,8,1,3,1
1,f_f001468,7,2,4,3
1,f_f001473,7,1,4,1
2,f_f001474,3,2,7,1
1,f_f001474,3,1,7,1
3,f_f001474,5,1,3,1
1,f_f001480,1,1,5,1
3,f_f001480,2,2,1,1
2,f_f001480,2,1,1,1
1,f_f001481,1,1,6,1
2,f_f001483,2,2,2,1
1,f_f001483,1,2,6,1
2,f_f001484,2,2,1,1
1,f_f001484,1,1,4,1
3,f_f001484,2,2,1,1
1,f_f001485,1,2,7,1
3,f_f001485,5,2,7,1
2,f_f001485,5,1,7,1
4,f_f001485,5,1,7,1
1,f_f001486,8,1,4,1
1,f_f001489,7,2,3,1
1,f_f001490,8,1,4,1
1,f_f001491,8,2,4,1
2,f_f001492,2,1,2,1
1,f_f001492,1,2,5,1
3,f_f001492,2,1,1,1
1,f_f001497,7,1,6,3
1,f_f001501,1,2,5,1
3,f_f001501,2,1,1,1
2,f_f001501,2,1,2,1
2,f_f001503,2,1,1,1
1,f_f001503,1,2,4,1
1,f_f001505,1,2,5,1
3,f_f001505,2,2,1,1
2,f_f001505,2,1,2,1
1,f_f001509,8,2,3,1
1,f_f001512,1,2,6,1
1,f_f001513,1,1,4,1
1,f_f001518,1,1,5,1
2,f_f001518,2,2,1,1
1,f_f001520,8,2,3,1
2,f_f001525,7,1,5,3
1,f_f001525,1,1,5,1
3,f_f001525,7,2,5,3
1,f_f001532,7,1,7,1
1,f_f001534,8,1,3,1
2,f_f001540,2,1,2,1
1,f_f001540,1,2,5,1
2,f_f001545,7,2,3,1
1,f_f001545,7,2,4,1
1,f_f001547,1,1,5,1
1,f_f001549,1,1,6,1
1,f_f001553,8,1,3,1
2,f_f001557,2,1,2,1
1,f_f001557,1,1,5,1
3,f_f001557,2,2,2,1
1,f_f001559,1,1,4,1
2,f_f001559,2,2,1,1
1,f_f001560,1,2,5,1
1,f_f001562,1,1,5,1
1,f_f001563,2,2,4,1
1,f_f001564,8,1,4,1
1,f_f001566,8,2,4,1
1,f_f001567,8,2,6,1
1,f_f001570,1,1,6,1
1,f_f001571,3,2,7,1
2,f_f001574,2,2,1,1
1,f_f001574,1,2,4,1
1,f_f001577,1,1,4,1
1,f_f001582,1,1,7,1
4,f_f001586,2,2,1,1
1,f_f001586,3,1,7,1
3,f_f001586,5,2,4,1
2,f_f001586,3,2,6,1
1,f_f001588,1,2,5,2
1,f_f001590,1,2,5,1
1,f_f001595,1,2,4,1
3,f_f001595,2,2,1,1
2,f_f001595,2,2,1,1
2,f_f001596,2,2,1,1
1,f_f001596,1,1,4,1
3,f_f001596,2,2,1,1
1,f_f001597,10,2,5,1
2,f_f001598,2,1,1,1
4,f_f001598,7,2,4,3
6,f_f001598,11,2,1,3
1,f_f001598,1,2,4,1
3,f_f001598,7,1,4,3
5,f_f001598,11,2,1,3
1,f_f001600,8,1,4,1
1,f_f001601,8,1,4,1
2,f_f001604,2,1,2,1
1,f_f001604,1,2,5,1
3,f_f001604,2,2,2,1
1,f_f001606,8,1,4,3
1,f_f001616,7,1,4,3
2,f_f001620,2,2,2,1
4,f_f001620,2,2,1,1
1,f_f001620,1,1,5,1
3,f_f001620,2,2,2,1
2,f_f001622,2,1,2,1
1,f_f001622,1,2,5,1
3,f_f001622,2,2,1,1
1,f_f001623,8,1,4,1
1,f_f001626,8,1,3,1
1,f_f001627,1,1,4,1
1,f_f001632,3,1,7,1
2,f_f001632,3,2,7,1
1,f_f001633,7,1,6,1
2,f_f001633,7,2,6,1
1,f_f001636,1,2,4,1
2,f_f001638,5,1,5,1
4,f_f001638,6,2,2,1
6,f_f001638,2,2,2,1
1,f_f001638,3,2,8,1
3,f_f001638,6,2,5,1
5,f_f001638,6,2,2,1
7,f_f001638,2,1,2,1
1,f_f001645,8,1,3,1
2,f_f001653,5,2,4,1
1,f_f001653,3,2,7,1
1,f_f001655,1,2,4,1
2,f_f001655,2,2,1,1
1,f_f001662,8,1,3,1
1,f_f001666,1,2,4,1
2,f_f001666,2,1,1,1
1,f_f001667,7,2,3,1
1,f_f001670,5,2,4,1
1,f_f001671,2,1,2,1
1,f_f001672,8,1,3,1
1,f_f001676,7,1,6,3
3,f_f001676,7,2,6,3
2,f_f001676,7,1,6,3
1,f_f001677,8,1,3,1
2,f_f001685,2,2,1,1
1,f_f001685,1,1,4,1
1,f_f001686,8,2,3,1
1,f_f001687,1,1,5,1
3,f_f001687,2,1,2,1
2,f_f001687,2,1,2,1
1,f_f001692,2,2,3,1
1,f_f001696,1,1,7,1
2,f_f001696,2,2,3,1
1,f_f001700,8,1,4,1
2,f_f001704,2,1,2,1
1,f_f001704,1,1,5,1
3,f_f001704,2,1,1,1
1,f_f001705,1,1,5,1
3,f_f001705,2,2,2,1
2,f_f001705,2,2,2,1
1,f_f001711,8,1,4,1
1,f_f001713,1,2,5,1
3,f_f001713,2,2,1,1
5,f_f001713,6,2,5,1
2,f_f001713,2,2,1,1
4,f_f001713,6,1,5,1
6,f_f001713,6,2,2,1
1,f_f001731,8,1,4,1
2,f_f001732,5,2,3,1
1,f_f001732,3,2,6,1
3,f_f001734,7,2,4,1
2,f_f001734,7,2,4,1
1,f_f001734,7,1,4,1
2,f_f001735,3,2,8,1
1,f_f001735,3,1,8,1
3,f_f001735,2,1,2,1
1,f_f001738,1,1,4,1
1,f_f001739,7,2,4,3
1,f_f001746,1,1,3,1
2,f_f001748,5,2,4,1
4,f_f001748,3,2,7,1
1,f_f001748,5,1,3,1
3,f_f001748,3,1,7,1
3,f_f001754,2,2,1,1
2,f_f001754,2,1,1,1
1,f_f001754,3,2,7,1
2,f_f001759,2,2,1,1
4,f_f001759,3,2,7,1
1,f_f001759,1,2,4,1
3,f_f001759,3,1,8,1
5,f_f001759,5,1,4,1
2,f_f001763,2,1,2,1
1,f_f001763,1,1,5,1
3,f_f001763,2,2,1,1
2,f_f001766,2,1,1,1
1,f_f001766,1,2,5,1
2,f_f001768,2,1,1,1
1,f_f001768,1,1,5,1
3,f_f001768,2,2,1,1
1,f_f001782,8,1,3,1
1,f_f001785,1,1,5,1
3,f_f001785,2,1,2,1
2,f_f001785,2,1,2,1
1,f_f001794,2,1,1,1
2,f_f001794,6,1,1,1
1,f_f001797,8,1,4,1
2,f_f001817,2,1,2,1
1,f_f001817,1,1,5,1
3,f_f001817,2,2,1,1
1,f_f001821,8,2,4,1
1,f_f001823,1,1,5,1
2,f_f001827,2,1,2,1
1,f_f001827,1,2,5,1
3,f_f001827,2,1,1,1
1,f_f001831,1,2,5,3
2,f_f001831,2,2,2,3
1,f_f001832,1,1,5,1
3,f_f001832,2,1,2,1
2,f_f001832,2,2,2,1
1,f_f001839,8,1,3,1
6,f_f001840,5,1,4,3
8,f_f001840,6,2,1,3
1,f_f001840,1,1,4,1
3,f_f001840,2,1,1,1
5,f_f001840,5,2,5,3
7,f_f001840,6,2,1,3
2,f_f001840,2,1,1,1
4,f_f001840,3,2,7,3
1,f_f001844,8,1,3,1
1,f_f001846,8,2,3,1
2,f_f001850,2,2,2,1
1,f_f001850,1,1,5,1
3,f_f001850,2,1,1,1
1,f_f001854,8,1,4,3
1,f_f001856,1,1,7,1
1,f_f001865,1,1,6,1
3,f_f001865,7,2,6,1
2,f_f001865,7,1,6,1
2,f_f001878,2,2,2,1
4,f_f001878,2,2,1,1
1,f_f001878,1,1,4,1
3,f_f001878,2,2,1,1
2,f_f001879,2,1,2,1
1,f_f001879,1,1,4,1
1,f_f001880,1,1,5,1
1,f_f001881,1,1,4,1
3,f_f001881,2,2,1,1
2,f_f001881,2,2,1,1
1,f_f001892,3,2,5,1
2,f_f001895,2,2,2,1
1,f_f001895,1,1,5,1
3,f_f001895,2,1,1,1
1,f_f001898,8,1,4,1
9,f_f001905,6,1,6,3
11,f_f001905,6,1,6,3
2,f_f001905,5,2,7,3
4,f_f001905,5,2,6,3
6,f_f001905,6,2,6,3
8,f_f001905,6,1,8,3
10,f_f001905,6,1,6,3
1,f_f001905,1,1,6,1
3,f_f001905,5,2,7,3
5,f_f001905,5,2,6,3
7,f_f001905,6,1,7,3
2,f_f001911,5,2,3,1
1,f_f001911,3,2,6,1
3,f_f001911,6,2,6,1
1,f_f001917,3,1,7,1
3,f_f001917,5,2,4,1
2,f_f001917,3,2,6,1
1,f_f001926,1,2,4,1
2,f_f001932,2,2,1,1
1,f_f001932,1,1,5,1
3,f_f001932,2,2,1,1
1,f_f001933,2,2,4,1
1,f_f001949,8,1,4,1
1,f_f001951,8,1,3,1
1,f_f001955,9,2,4,1
2,f_f001956,2,1,2,1
1,f_f001956,1,1,5,1
3,f_f001956,2,2,2,1
1,f_f001959,1,1,6,1
1,f_f001960,1,1,4,1
1,f_f001963,8,1,3,1
1,f_f001969,1,1,5,1
2,f_f001969,2,1,1,1
1,f_f001972,8,2,3,1
1,f_f001973,8,1,3,1
1,f_f001974,1,1,4,1
1,f_f001982,8,1,4,3
1,f_f001985,1,2,6,1
1,f_f001988,1,1,5,1
3,f_f001988,2,2,1,1
5,f_f001988,7,1,5,3
7,f_f001988,11,1,1,3
2,f_f001988,2,2,1,1
4,f_f001988,7,2,4,3
6,f_f001988,11,2,1,3
2,f_f001989,2,2,1,1
1,f_f001989,1,1,5,1
1,f_f001990,1,1,4,1
2,f_f001999,2,1,1,1
1,f_f001999,1,2,4,1
3,f_f001999,2,2,1,1
1,f_f002000,8,2,3,1
2,f_f002004,2,1,2,1
1,f_f002004,1,2,5,1
3,f_f002004,2,1,2,1
10,f_f002007,11,1,1,1
1,f_f002007,1,1,4,1
3,f_f002007,2,2,1,1
5,f_f002007,7,2,4,1
7,f_f002007,11,1,1,1
9,f_f002007,7,2,4,1
11,f_f002007,11,1,1,1
2,f_f002007,2,2,1,1
4,f_f002007,7,1,4,1
6,f_f002007,11,2,1,1
8,f_f002007,7,1,4,1
1,f_f002010,1,1,4,1
3,f_f002010,7,2,3,3
2,f_f002010,7,1,4,3
1,f_f002017,8,2,4,1
1,f_f002020,7,2,3,1
1,f_f002032,7,2,7,3
1,f_f002037,3,1,7,1
3,f_f002037,5,1,3,1
2,f_f002037,3,2,6,1
1,f_f002039,8,2,3,1
1,f_f002040,8,1,4,1
3,f_f002042,2,1,1,1
5,f_f002042,7,2,5,1
7,f_f002042,11,1,1,1
2,f_f002042,2,2,2,1
4,f_f002042,7,1,5,1
6,f_f002042,11,2,2,1
1,f_f002042,1,1,5,1
2,f_f002044,7,2,3,1
1,f_f002044,7,2,3,1
3,f_f002044,7,2,3,1
1,f_f002045,2,1,1,1
2,f_f002045,1,1,5,1
1,f_f002046,1,1,4,1
1,f_f002053,7,2,5,3
1,f_f002054,3,2,7,1
2,f_f002056,2,1,2,1
1,f_f002056,1,2,5,1
2,f_f002058,2,1,1,1
1,f_f002058,1,1,6,1
3,f_f002058,2,1,1,1
1,f_f002059,10,1,4,1
3,f_f002059,10,1,4,1
5,f_f002059,10,1,4,1
2,f_f002059,10,1,4,1
4,f_f002059,10,1,4,1
6,f_f002059,10,2,4,1
2,f_f002063,7,2,3,3
1,f_f002063,7,2,3,3
1,f_f002071,9,2,4,3
3,f_f002071,9,2,4,3
2,f_f002071,9,2,4,3
1,f_f002072,1,1,4,1
1,f_f002073,3,1,7,1
2,f_f002073,3,2,6,1
1,f_f002082,8,1,3,1
3,f_f002083,7,1,3,1
5,f_f002083,7,2,3,1
2,f_f002083,7,1,3,1
4,f_f002083,7,2,3,1
6,f_f002083,7,2,3,2
1,f_f002083,7,1,3,1
1,f_f002087,1,1,7,1
1,f_f002088,2,2,3,1
1,f_f002094,3,2,7,1
1,f_f002097,8,1,4,1
2,f_f002101,7,2,4,1
1,f_f002101,7,2,4,1
3,f_f002101,7,2,4,1
1,f_f002102,7,2,4,1
1,f_f002103,1,2,4,1
1,f_f002114,7,2,4,1
1,f_f002116,1,2,5,1
2,f_f002116,2,2,1,1
1,f_f002117,9,1,6,1
3,f_f002117,9,2,5,1
5,f_f002117,9,1,4,1
7,f_f002117,9,1,5,1
2,f_f002117,9,1,6,1
4,f_f002117,9,2,5,1
6,f_f002117,9,2,4,1
8,f_f002117,9,1,6,1
1,f_f002119,1,2,4,1
2,f_f002123,2,1,2,1
1,f_f002123,1,1,4,1
3,f_f002123,2,2,1,1
1,f_f002428,7,2,4,1
1,f_f002438,7,2,3,1
3,f_f002438,7,2,3,1
2,f_f002438,7,2,3,1
4,f_f002438,7,2,3,1
1,f_f002445,1,1,5,1
1,f_f002449,1,1,4,1
1,f_f002451,7,1,7,1
1,f_f002452,1,2,7,1
1,f_f002457,7,2,5,1
2,f_f002457,7,2,5,1
1,f_f002462,8,1,5,1
1,f_f002464,8,1,4,1
1,f_f002465,3,1,7,1
2,f_f002465,3,2,6,1
1,f_f002466,3,2,6,1
1,f_f002468,8,2,3,1
1,f_f002473,1,1,5,1
1,f_f002475,1,1,5,1
3,f_f002475,2,1,1,1
2,f_f002475,2,1,1,1
1,f_f002480,1,1,4,1
2,f_f002485,6,1,8,1
1,f_f002485,1,2,8,1
3,f_f002485,6,2,8,1
2,f_f002492,2,1,1,1
4,f_f002492,3,2,7,3
1,f_f002492,1,2,4,1
3,f_f002492,3,1,7,3
1,f_f002494,1,2,4,1
1,f_f002495,7,2,4,1
1,f_f002500,1,2,4,1
1,f_f002501,1,1,5,1
3,f_f002501,2,1,2,1
2,f_f002501,2,2,2,1
1,f_f002502,8,2,4,1
1,f_f002503,2,2,1,1
1,f_f002511,3,2,6,1
1,f_f002512,1,2,7,1
1,f_f002513,3,2,6,1
2,f_f002516,10,2,5,1
1,f_f002516,10,2,7,1
3,f_f002516,10,2,5,1
1,f_f002518,1,1,5,1
3,f_f002518,2,2,1,1
2,f_f002518,2,2,2,1
4,f_f002518,2,2,1,1
1,f_f002523,1,2,4,1
3,f_f002523,2,2,1,1
2,f_f002523,2,2,1,1
1,f_f002527,1,2,6,1
1,f_f002530,7,1,4,1
1,f_f002531,1,1,7,1
1,f_f002538,1,1,5,1
2,f_f002538,2,1,1,1
1,f_f002539,1,2,6,1
3,f_f002539,3,2,8,3
2,f_f002539,3,2,8,3
1,f_f002541,1,2,7,1
1,f_f002544,7,2,3,1
2,f_f002545,2,1,1,1
1,f_f002545,1,2,4,1
3,f_f002545,2,2,1,1
1,f_f002549,1,1,5,1
3,f_f002549,2,2,1,1
2,f_f002549,2,1,1,1
1,f_f002554,8,2,3,1
1,f_f002557,7,2,3,2
1,f_f002565,1,1,5,1
1,f_f002568,8,2,3,1
1,f_f002575,1,2,4,1
2,f_f002579,5,2,5,1
1,f_f002579,3,2,7,1
1,f_f002581,1,2,4,1
1,f_f002582,9,1,5,1
1,f_f002583,8,2,3,1
1,f_f002584,8,1,4,1
3,f_f002586,7,1,3,3
2,f_f002586,7,2,3,1
1,f_f002586,7,2,3,3
2,f_f002589,2,1,3,1
1,f_f002589,1,1,6,1
3,f_f002589,2,2,3,1
1,f_f002593,8,2,4,1
1,f_f002595,8,1,3,1
1,f_f002602,8,1,4,3
1,f_f002604,8,1,4,1
1,f_f002609,1,1,4,1
1,f_f002610,7,2,3,3
1,f_f002619,1,1,6,1
1,f_f002620,2,2,3,1
1,f_f002621,1,1,4,1
3,f_f002621,2,2,1,1
2,f_f002621,2,1,1,1
2,f_f002624,2,1,1,1
4,f_f002624,3,2,8,1
1,f_f002624,1,2,5,1
3,f_f002624,3,1,8,1
1,f_f002630,1,2,5,1
1,f_f002632,8,2,3,1
1,f_f002633,8,1,3,1
1,f_f002634,8,1,4,3
1,f_f002637,5,2,3,1
2,f_f002641,2,1,2,1
4,f_f002641,2,1,1,1
1,f_f002641,1,2,5,1
3,f_f002641,2,1,2,1
1,f_f002647,1,2,4,1
1,f_f002648,8,1,4,1
2,f_f002652,2,2,2,1
1,f_f002652,1,2,5,1
3,f_f002652,2,2,2,1
1,f_f002653,8,1,4,1
2,f_f002655,2,2,4,1
1,f_f002655,2,2,4,1
1,f_f002660,1,2,6,1
1,f_f002662,1,1,5,1
3,f_f002662,2,1,2,1
2,f_f002662,2,2,2,1
1,f_f002665,8,1,3,1
1,f_f002669,7,2,3,1
2,f_f002670,3,2,6,1
4,f_f002670,2,1,1,1
1,f_f002670,3,1,7,1
3,f_f002670,2,2,2,1
1,f_f002674,3,2,6,1
1,f_f002676,8,1,3,1
1,f_f002683,5,2,3,3
1,f_f002691,8,1,4,2
1,f_f002695,8,1,3,1
1,f_f002697,7,2,3,1
3,f_f002697,7,2,3,1
5,f_f002697,7,2,3,3
2,f_f002697,7,2,3,1
4,f_f002697,7,2,3,1
1,f_f002701,8,1,4,1
1,f_f002704,8,2,4,1
1,f_f002708,2,2,5,1
2,f_f002715,2,2,1,1
1,f_f002715,1,2,4,1
1,f_f002720,8,1,3,1
1,f_f002721,5,2,4,1
2,f_f002721,2,1,1,1
2,f_f002728,2,1,1,1
1,f_f002728,1,1,4,1
1,f_f002729,1,1,4,1
1,f_f002739,1,1,5,1
3,f_f002739,2,2,2,1
2,f_f002739,2,1,2,1
2,f_f002742,2,1,3,1
1,f_f002742,2,1,4,1
3,f_f002742,3,2,8,1
1,f_f002743,1,1,5,1
3,f_f002743,2,2,1,1
2,f_f002743,2,2,2,1
1,f_f002744,7,2,3,1
1,f_f002764,7,2,3,3
1,f_f002773,8,2,3,1
1,f_f002783,8,1,4,1
1,f_f002785,8,2,3,1
1,f_f002788,8,2,4,1
1,f_f002790,9,2,5,1
1,f_f002793,8,1,4,1
1,f_f002817,1,1,5,1
3,f_f002817,2,2,1,1
2,f_f002817,2,2,2,1
2,f_f002819,2,1,2,1
1,f_f002819,1,2,5,1
3,f_f002819,2,1,1,1
1,f_f002821,8,1,3,1
1,f_f002827,7,1,5,1
1,f_f002833,8,1,3,1
2,f_f002833,7,2,3,3
1,f_f002840,8,1,4,1
1,f_f002850,8,1,3,1
1,f_f002855,7,2,4,1
2,f_f002855,7,2,4,3
1,f_f002858,1,1,4,1
2,f_f002858,2,1,1,1
1,f_f002863,8,1,4,1
1,f_f002865,8,2,4,1
1,f_f002867,8,2,4,1
1,f_f002869,2,1,2,1
3,f_f002869,2,1,1,1
2,f_f002869,2,2,1,1
2,f_f002872,2,2,1,1
1,f_f002872,1,1,5,1
1,f_f002882,7,2,3,1
1,f_f002885,7,2,4,1
3,f_f002885,7,1,4,3
5,f_f002885,7,1,5,3
2,f_f002885,7,2,4,3
4,f_f002885,7,1,4,3
1,f_f002888,1,1,5,1
2,f_f002888,2,1,2,1
1,f_f002893,3,1,6,1
2,f_f002893,3,2,6,1
1,f_f002899,8,2,3,1
1,f_f002914,5,2,4,1
3,f_f002914,6,2,1,1
2,f_f002914,6,1,4,1
2,f_f002920,2,2,1,1
1,f_f002920,1,1,4,1
2,f_f002921,2,2,4,1
1,f_f002921,1,2,7,1
1,f_f002925,7,2,3,1
2,f_f002980,7,2,5,1
4,f_f002980,11,2,2,1
1,f_f002980,1,2,5,1
3,f_f002980,7,1,5,1
5,f_f002980,11,1,2,1
1,f_f003014,1,2,5,1
3,f_f003014,2,1,1,1
2,f_f003014,2,2,1,1
1,f_f003086,5,2,4,1
2,f_f003164,7,2,3,3
1,f_f003164,7,2,3,1
3,f_f003164,7,1,3,1
1,f_f003168,2,1,2,1
1,f_f003217,8,2,4,1
1,f_f003234,1,2,4,1
3,f_f003234,2,2,1,1
2,f_f003234,2,1,1,1
1,f_f003237,1,2,5,1
1,f_f003246,10,2,7,1
1,f_f003254,1,1,5,1
1,f_f003257,7,2,3,1
3,f_f003258,5,1,3,1
2,f_f003258,3,2,6,1
1,f_f003258,3,1,6,1
1,f_f003310,1,1,6,1
1,f_f003311,1,1,5,1
3,f_f003311,2,2,1,1
2,f_f003311,2,2,1,1
2,f_f003313,2,1,1,1
1,f_f003313,1,1,5,1
3,f_f003313,2,2,2,1
1,f_f003330,7,2,4,1
1,f_f003333,8,2,4,3
1,f_f003349,1,1,5,1
1,f_f003354,7,2,3,1
2,f_f003363,7,2,4,1
1,f_f003363,7,2,4,3
1,f_f003373,1,1,4,1
1,f_f003385,8,2,3,1
1,f_f003400,8,2,3,1
1,f_f003410,3,2,6,1
2,f_f003410,2,2,1,1
1,f_f003412,7,2,7,1
3,f_f003412,10,2,7,1
2,f_f003412,10,2,5,1
1,f_f003416,8,1,3,1
1,f_f003418,1,1,4,1
2,f_f003422,7,1,3,1
1,f_f003422,8,1,3,1
3,f_f003422,7,2,3,1
1,f_f003438,7,1,3,1
1,f_f003443,7,2,3,1
1,f_f003447,1,1,4,1
1,f_f003448,7,2,4,3
1,f_f003453,9,1,7,2
3,f_f003453,9,1,4,2
2,f_f003453,9,1,4,2
1,f_f003454,1,1,7,1
1,f_f003456,7,2,3,1
1,f_f003459,2,2,5,1
1,f_f003464,2,2,4,1
1,f_f003467,1,1,4,1
1,f_f003471,7,2,3,1
2,f_f003471,7,1,3,1
1,f_f003474,8,1,3,3
2,f_f003486,2,1,3,2
1,f_f003486,1,1,6,1
2,f_f003494,7,2,3,1
1,f_f003494,7,2,3,1
1,f_f003495,1,1,4,1
3,f_f003495,2,2,1,1
2,f_f003495,2,2,1,1
2,f_f003501,7,2,4,3
1,f_f003501,8,1,4,1
3,f_f003501,7,2,4,3
1,f_f003506,7,1,3,1
1,f_f003512,8,1,4,1
1,f_f003523,2,2,1,1
1,f_f003527,8,1,4,1
1,f_f003530,7,2,3,1
2,f_f003530,7,2,3,1
1,f_f003537,9,2,3,1
1,f_f003547,3,2,6,1
2,f_f003552,2,1,2,1
1,f_f003552,1,1,5,1
1,f_f003553,9,2,3,1
1,f_f003559,8,2,3,1
1,f_f003562,8,1,3,1
1,f_f003563,3,1,7,1
3,f_f003563,5,2,3,1
2,f_f003563,3,2,6,1
1,f_f003569,1,2,5,1
1,f_f003576,8,1,3,1
1,f_f003581,7,2,6,1
1,f_f003585,1,2,4,1
3,f_f003585,2,1,1,1
2,f_f003585,2,2,1,1
1,f_f003590,3,2,6,1
2,f_f003590,3,1,6,1
1,f_f003594,1,2,5,1
2,f_f003594,2,2,1,1
1,f_f003598,1,1,6,1
1,f_f003599,1,1,4,1
1,f_f003603,1,2,4,1
1,f_f003607,5,2,5,1
1,f_f003611,8,2,3,1
2,f_f003617,3,1,7,1
4,f_f003617,5,1,4,3
1,f_f003617,2,1,1,1
3,f_f003617,3,2,6,1
5,f_f003617,6,2,3,3
1,f_f003623,8,1,3,1
1,f_f003624,8,1,3,1
1,f_f003640,8,1,3,1
1,f_f003643,8,1,4,1
1,f_f003650,1,1,4,1
1,f_f003651,1,2,4,1
1,f_f003653,1,1,4,1
1,f_f003660,1,1,4,1
1,f_f003665,8,2,4,1
1,f_f003666,7,2,3,3
1,f_f003667,5,2,3,1
1,f_f003679,8,2,4,1
2,f_f003704,2,2,1,1
1,f_f003704,1,1,4,1
1,f_f003706,5,2,4,1
1,f_f003715,8,1,4,1
1,f_f003719,1,1,7,1
1,f_f003720,7,2,4,1
2,f_f003729,3,2,7,1
1,f_f003729,1,2,4,1
2,f_f003730,2,2,2,1
1,f_f003730,1,2,4,1
2,f_f003731,3,2,6,1
4,f_f003731,6,2,2,1
1,f_f003731,8,1,4,1
3,f_f003731,5,2,4,1
5,f_f003731,6,2,1,1
1,f_f003732,8,1,4,1
2,f_f003735,7,2,3,3
1,f_f003735,7,2,3,3
1,f_f003739,8,2,3,3
1,f_f003742,1,1,4,1
1,f_f003744,8,1,3,1
2,f_f003749,2,2,2,1
1,f_f003749,1,2,5,1
1,f_f003750,7,2,3,1
1,f_f003761,1,1,4,1
2,f_f003763,6,2,2,1
1,f_f003763,5,2,5,1
3,f_f003763,6,2,1,1
1,f_f003765,8,1,3,3
1,f_f003768,11,2,5,1
1,f_f003775,8,2,4,1
1,f_f003789,3,2,6,1
1,f_f003791,8,1,3,1
1,f_f003796,7,2,3,1
1,f_f003799,8,1,4,1
2,f_f003804,2,1,3,1
1,f_f003804,2,2,4,1
1,f_f003806,7,2,4,1
1,f_f003808,8,2,3,3
1,f_f003811,1,2,4,1
1,f_f003820,1,1,5,1
3,f_f003820,2,1,2,1
2,f_f003820,2,1,1,1
1,f_f003829,1,2,4,1
3,f_f003829,2,1,1,1
2,f_f003829,2,1,1,1
1,f_f003836,8,1,3,1
2,f_f003837,3,2,6,1
1,f_f003837,3,1,7,1
1,f_f003838,8,2,3,1
1,f_f003844,8,2,3,1
1,f_f003848,8,1,3,1
1,f_f003849,2,1,2,1
3,f_f003849,7,2,5,1
2,f_f003849,2,2,2,1
4,f_f003849,7,2,2,1
1,f_f003854,7,2,4,3
2,f_f003854,7,2,4,3
1,f_f003857,1,1,4,1
1,f_f003863,7,1,4,1
1,f_f003868,8,1,4,1
1,f_f003872,3,2,7,1
1,f_f003880,2,2,1,1
1,f_f003885,2,1,1,1
2,f_f003904,10,1,5,1
1,f_f003904,10,1,6,1
1,f_f003906,8,2,3,1
2,f_f003913,2,2,1,1
1,f_f003913,1,1,5,1
3,f_f003913,2,2,1,1
1,f_f003916,7,1,3,1
2,f_f003916,7,1,3,1
1,f_f003926,8,1,3,1
1,f_f003928,3,2,6,1
2,f_f003928,5,2,4,1
1,f_f003931,7,2,3,1
2,f_f003942,2,2,1,1
1,f_f003942,1,2,5,1
3,f_f003942,2,1,2,1
1,f_f003949,1,2,7,1
2,f_f003949,2,1,4,1
1,f_f003966,3,2,6,1
2,f_f004010,2,1,1,1
1,f_f004010,1,1,5,1
3,f_f004010,2,1,1,1
1,f_f004020,5,2,4,1
1,f_f004029,7,2,4,1
1,f_f004030,1,2,4,1
1,f_f004045,1,2,4,1
1,f_f004047,1,2,5,1
2,f_f004048,5,2,7,1
4,f_f004048,3,2,8,3
1,f_f004048,1,1,6,1
3,f_f004048,5,1,7,1
2,f_f004050,2,1,1,1
1,f_f004050,1,1,4,1
3,f_f004050,2,2,1,1
1,f_f004051,1,1,5,1
2,f_f004051,2,2,1,1
1,f_f004052,8,1,4,1
1,f_f004069,3,2,8,1
2,f_f004069,5,2,5,2
1,f_f004070,1,1,4,1
2,f_f004070,2,2,1,1
2,f_f004085,5,2,3,1
1,f_f004085,5,2,3,1
2,f_f004089,3,2,7,1
1,f_f004089,3,1,7,1
3,f_f004089,5,1,3,1
1,f_f004092,1,2,6,1
2,f_f004092,2,2,4,1
1,f_f004106,3,1,6,1
3,f_f004106,1,1,4,1
2,f_f004106,3,2,6,1
4,f_f004106,5,1,3,1
1,f_f004107,7,2,3,3
3,f_f004107,7,2,3,3
2,f_f004107,7,2,3,3
1,f_f004110,3,2,6,1
1,f_f004116,7,2,3,1
2,f_f004118,2,2,2,1
1,f_f004118,1,1,5,1
3,f_f004118,2,2,1,1
1,f_f004122,1,1,6,1
2,f_f004122,2,1,3,1
1,f_f004123,8,1,3,1
1,f_f004134,1,2,6,1
1,f_f004140,7,2,3,3
2,f_f004140,7,2,4,3
1,f_f004159,7,2,3,1
1,f_f004166,7,2,4,2
1,f_f004171,1,2,6,1
1,f_f004173,6,2,2,1
1,f_f004176,7,2,3,1
1,f_f004178,7,2,6,1
2,f_f004187,7,2,4,1
1,f_f004187,7,2,4,1
3,f_f004187,7,2,4,1
1,f_f004192,8,1,4,1
1,f_f004193,2,2,3,1
1,f_f004199,8,1,3,1
1,f_f004200,1,2,5,1
3,f_f004200,2,2,2,1
5,f_f004200,3,2,7,1
2,f_f004200,2,1,2,1
4,f_f004200,2,2,2,1
2,f_f004213,7,2,7,1
4,f_f004213,7,1,7,1
1,f_f004213,7,2,7,1
3,f_f004213,7,2,7,1
1,f_f004216,8,2,3,1
1,f_f004222,8,1,4,1
1,f_f004244,8,2,4,1
1,f_f004249,1,1,5,1
1,f_f004253,8,1,3,1
1,f_f004255,1,2,7,1
2,f_f004255,2,1,4,1
1,f_f004258,1,2,4,1
1,f_f004272,8,2,3,1
1,f_f004276,7,2,3,1
2,f_f004277,2,2,2,1
1,f_f004277,1,1,5,1
2,f_f004291,2,2,4,1
1,f_f004291,1,2,7,1
1,f_f004308,7,2,3,1
1,f_f004311,8,2,4,1
2,f_f004312,3,1,6,1
1,f_f004312,3,2,6,1
1,f_f004375,8,2,3,1
1,f_f004376,1,2,5,1
2,f_f004380,2,1,1,1
1,f_f004380,1,2,4,1
1,f_f004381,1,2,5,1
1,f_f004383,1,1,5,1
1,f_f004385,8,1,3,1
4,f_f004389,7,2,4,3
6,f_f004389,7,2,4,1
1,f_f004389,7,1,4,1
3,f_f004389,7,1,4,3
5,f_f004389,7,2,4,1
7,f_f004389,1,1,4,3
2,f_f004389,7,1,4,3
1,f_f004393,7,2,4,1
1,f_f004395,3,2,6,1
1,f_f004396,1,1,4,1
1,f_f004420,8,1,4,1
1,f_f004423,3,2,7,1
1,f_f004440,8,1,3,1
1,f_f004441,8,2,3,1
1,f_f004448,1,2,5,1
2,f_f004448,2,2,1,1
1,f_f004449,2,2,3,1
1,f_f004461,8,2,3,1
2,f_f004462,7,1,4,3
1,f_f004462,7,1,4,3
2,f_f004464,2,1,1,1
1,f_f004464,1,1,4,1
3,f_f004464,2,1,1,1
1,f_f004465,7,2,4,1
3,f_f004465,7,2,4,1
2,f_f004465,7,2,4,1
1,f_f004466,8,2,3,1
1,f_f004484,8,2,4,1
1,f_f004488,7,2,3,1
2,f_f004488,7,2,3,3
1,f_f004489,7,2,3,1
2,f_f004498,7,2,4,3
1,f_f004498,7,2,4,1
2,f_f004506,2,2,3,1
1,f_f004506,1,2,5,1
1,f_f004510,7,1,4,1
1,f_f004513,1,2,4,1
2,f_f004515,2,2,1,1
1,f_f004515,1,1,4,1
2,f_f004516,7,1,3,1
1,f_f004516,7,1,3,1
3,f_f004516,7,1,3,1
1,f_f004518,7,2,3,1
1,f_f004522,1,2,6,1
2,f_f004522,2,2,3,1
1,f_f004523,7,2,3,1
2,f_f004524,7,2,3,1
4,f_f004524,7,2,3,1
1,f_f004524,7,2,3,1
3,f_f004524,7,2,3,1
5,f_f004524,7,2,3,1
2,f_f004526,4,2,7,1
1,f_f004526,4,1,7,1
3,f_f004526,5,2,5,1
1,f_f004533,1,2,4,1
3,f_f004533,2,1,1,1
2,f_f004533,2,1,1,1
2,f_f004534,2,1,2,1
4,f_f004534,6,2,2,1
1,f_f004534,1,1,5,1
3,f_f004534,6,2,2,1
1,f_f004535,8,1,4,1
1,f_f004556,8,2,3,1
2,f_f004557,7,2,4,1
1,f_f004557,7,2,4,1
3,f_f004557,7,2,4,1
1,f_f004558,6,2,2,1
1,f_f004561,8,1,3,1
1,f_f004569,8,2,5,1
1,f_f004572,8,1,4,1
1,f_f004577,1,1,6,1
2,f_f004577,2,1,3,1
1,f_f004578,8,1,3,1
5,f_f004582,6,2,1,1
2,f_f004582,3,2,7,1
4,f_f004582,6,1,4,1
1,f_f004582,3,1,7,1
3,f_f004582,5,2,4,1
2,f_f004588,2,2,2,1
1,f_f004588,1,1,5,1
1,f_f004590,8,1,4,1
1,f_f004608,9,2,3,1
1,f_f004621,8,2,4,1
1,f_f004633,8,1,3,1
2,f_f004642,2,2,1,1
1,f_f004642,1,1,4,1
1,f_f004645,1,2,5,1
3,f_f004645,2,1,1,1
2,f_f004645,2,2,2,1
1,f_f004648,1,2,4,1
1,f_f004649,1,1,4,1
2,f_f004659,6,2,1,1
1,f_f004659,5,2,4,1
2,f_f004660,7,1,4,1
1,f_f004660,7,2,4,1
1,f_f004661,1,1,6,1
1,f_f004694,7,2,3,1
1,f_f004696,7,2,4,3
1,f_f004698,3,2,5,1
2,f_f004698,4,2,8,1
1,f_f004702,8,2,3,1
1,f_f004706,8,1,3,1
1,f_f004709,8,1,3,1
1,f_f004710,1,1,5,1
2,f_f004710,2,2,1,1
1,f_f004715,7,2,3,3
2,f_f004715,7,2,3,3
2,f_f004718,2,2,2,1
1,f_f004718,1,1,6,1
3,f_f004718,2,1,2,1
1,f_f004742,3,1,5,1
3,f_f004742,5,1,3,1
2,f_f004742,3,2,5,1
1,f_f004744,8,1,4,1
1,f_f004747,8,1,3,1
1,f_f004754,7,2,3,1
1,f_f004759,3,2,8,1
2,f_f004759,1,2,3,1
2,f_f004767,2,1,1,1
1,f_f004767,1,2,4,1
1,f_f004778,3,2,6,1
2,f_f004778,3,1,6,1
1,f_f004782,8,1,3,1
3,f_f004790,5,2,3,1
2,f_f004790,3,2,6,1
1,f_f004790,3,1,6,1
1,f_f004793,5,2,3,1
1,f_f004797,1,2,8,1
3,f_f004797,2,2,5,1
5,f_f004797,5,1,7,1
2,f_f004797,2,1,5,1
4,f_f004797,2,1,1,1
6,f_f004797,5,2,6,1
1,f_f004800,8,1,4,1
1,f_f004801,1,2,4,1
1,f_f004805,8,1,3,3
1,f_f004809,2,2,4,1
2,f_f004809,1,1,7,1
1,f_f004813,7,1,3,1
3,f_f004813,7,1,3,1
2,f_f004813,7,1,3,1
1,f_f004815,7,2,4,1
1,f_f004817,8,2,3,1
2,f_f004821,2,2,3,1
1,f_f004821,1,2,6,1
3,f_f004821,2,1,3,1
1,f_f004826,8,1,3,3
1,f_f004829,7,2,3,1
1,f_f004831,8,2,3,1
2,f_f004836,7,2,3,3
1,f_f004836,7,2,3,3
3,f_f004836,7,2,3,3
1,f_f004840,3,2,6,1
1,f_f004853,3,2,6,1
1,f_f004875,1,2,5,1
1,f_f004876,8,1,3,1
2,f_f004878,2,1,5,1
1,f_f004878,2,2,4,1
7,f_f004879,7,1,4,1
9,f_f004879,7,1,4,3
2,f_f004879,7,2,4,1
4,f_f004879,7,2,4,1
6,f_f004879,7,1,4,1
8,f_f004879,7,1,4,3
1,f_f004879,7,2,4,1
3,f_f004879,7,2,4,1
5,f_f004879,7,2,4,1
1,f_f004888,8,2,3,3
1,f_f004890,1,1,5,1
3,f_f004890,2,2,1,1
2,f_f004890,2,1,1,1
4,f_f004890,2,1,1,1
1,f_f004892,7,1,3,3
1,f_f004894,8,2,4,1
1,f_f004895,8,1,3,3
1,f_f004903,7,1,7,1
1,f_f004911,7,2,3,3
4,f_f004919,7,1,3,1
1,f_f004919,7,1,3,1
3,f_f004919,7,1,3,1
5,f_f004919,7,1,3,1
2,f_f004919,7,1,3,1
1,f_f004929,8,2,3,1
2,f_f004934,7,1,4,1
4,f_f004934,7,1,4,1
6,f_f004934,7,1,4,1
8,f_f004934,7,1,4,1
1,f_f004934,7,1,4,1
3,f_f004934,7,1,4,1
5,f_f004934,7,1,4,1
7,f_f004934,7,1,4,1
2,f_f004939,2,1,2,1
1,f_f004939,1,2,5,1
1,f_f004972,7,2,3,1
1,f_f005002,1,2,4,1
1,f_f005003,1,1,4,1
1,f_f005005,1,1,4,1
3,f_f005005,2,2,1,1
2,f_f005005,2,2,1,1
1,f_f005006,3,2,7,1
1,f_f005013,1,1,5,1
1,f_f005016,8,1,3,1
1,f_f005019,8,2,3,1
2,f_f005035,2,1,3,1
1,f_f005035,8,1,6,1
2,f_f005052,7,2,3,1
1,f_f005052,7,2,3,1
3,f_f005052,7,2,3,1
1,f_f005053,8,1,4,1
1,f_f005054,7,2,3,1
1,f_f005058,1,1,5,1
3,f_f005058,2,1,1,1
5,f_f005058,5,2,5,1
2,f_f005058,2,2,2,1
4,f_f005058,3,2,8,1
1,f_f005064,1,1,5,1
2,f_f005064,2,1,2,1
1,f_f005080,3,2,6,1
2,f_f005085,7,2,3,1
4,f_f005085,7,2,3,1
1,f_f005085,7,2,3,1
3,f_f005085,7,2,3,1
1,f_f005090,3,2,6,1
3,f_f005104,7,2,3,1
2,f_f005104,7,2,3,1
1,f_f005104,7,2,3,1
1,f_f005106,8,2,3,1
1,f_f005114,7,2,3,1
3,f_f005114,7,2,3,1
2,f_f005114,7,2,3,1
1,f_f005129,8,2,3,1
1,f_f005135,7,2,6,1
1,f_f005141,1,1,5,1
3,f_f005141,2,2,2,1
2,f_f005141,2,2,3,1
2,f_f005156,2,2,2,1
1,f_f005156,1,1,5,1
3,f_f005156,2,1,1,1
1,f_f005169,8,1,3,1
1,f_f005185,7,2,4,1
1,f_f005195,1,1,4,1
2,f_f005195,2,2,1,1
1,f_f005197,7,2,3,1
2,f_f005197,7,2,3,1
1,f_f005206,7,1,4,1
1,f_f005212,8,2,3,1
1,f_f005214,8,1,3,1
1,f_f005221,8,2,3,1
1,f_f005240,1,1,5,1
3,f_f005240,2,1,1,1
5,f_f005240,5,2,5,3
7,f_f005240,6,1,1,3
9,f_f005240,5,1,4,3
2,f_f005240,2,2,1,1
4,f_f005240,3,2,8,3
6,f_f005240,6,1,5,3
8,f_f005240,6,2,1,3
10,f_f005240,6,2,4,3
1,f_f005244,8,1,4,1
1,f_f005248,8,2,4,1
12,f_f005252,10,2,1,1
1,f_f005252,1,2,4,1
3,f_f005252,2,2,1,1
5,f_f005252,10,2,4,1
7,f_f005252,10,1,4,1
9,f_f005252,10,2,1,1
11,f_f005252,10,2,4,1
2,f_f005252,2,1,1,1
4,f_f005252,10,1,5,1
6,f_f005252,10,2,1,1
8,f_f005252,10,2,4,1
10,f_f005252,10,1,4,1
1,f_f005255,8,1,3,1
1,f_f005261,3,1,7,1
3,f_f005261,5,2,3,1
2,f_f005261,3,2,6,1
1,f_f005268,3,2,6,1
1,f_f005275,7,2,3,3
2,f_f005275,7,2,3,3
1,f_f005279,7,1,3,1
2,f_f005279,7,1,3,1
1,f_f005280,1,1,4,1
5,f_f005281,7,1,3,3
7,f_f005281,7,1,3,3
2,f_f005281,7,1,3,3
4,f_f005281,7,1,3,3
6,f_f005281,7,1,3,3
1,f_f005281,7,1,3,3
3,f_f005281,7,1,3,3
1,f_f005291,7,1,4,1
1,f_f005296,8,2,3,3
1,f_f005301,8,1,4,1
2,f_f005302,2,2,2,1
4,f_f005302,2,2,1,1
6,f_f005302,3,2,7,1
1,f_f005302,1,1,5,1
3,f_f005302,2,2,1,1
5,f_f005302,3,1,7,1
1,f_f005316,1,1,7,2
3,f_f005316,2,2,3,1
2,f_f005316,2,2,3,1
1,f_f005320,2,2,2,1
1,f_f005325,1,1,5,1
3,f_f005325,2,2,1,1
2,f_f005325,2,1,2,1
2,f_f005333,3,1,6,1
1,f_f005333,3,2,6,1
3,f_f005333,5,1,3,1
1,f_f005334,7,2,3,1
5,f_f005337,11,1,1,1
2,f_f005337,2,1,4,1
4,f_f005337,11,2,1,1
1,f_f005337,1,1,7,1
3,f_f005337,11,2,4,1
1,f_f005348,1,1,4,1
2,f_f005348,2,1,1,1
1,f_f005350,8,1,4,1
1,f_f005351,8,1,4,1
1,f_f005365,7,2,3,1
2,f_f005365,7,2,3,1
1,f_f005368,7,1,3,1
2,f_f005368,7,1,3,1
1,f_f005372,1,2,5,1
3,f_f005372,2,2,1,1
2,f_f005372,2,1,1,1
3,f_f005382,7,2,3,1
2,f_f005382,7,2,3,1
1,f_f005382,7,2,3,1
1,f_f005393,3,1,6,1
2,f_f005393,3,2,6,1
1,f_f005395,1,1,4,1
1,f_f005410,8,1,4,3
1,f_f005417,3,2,6,1
1,f_f005431,8,1,4,1
1,f_f005442,8,2,3,1
1,f_f005450,1,2,4,1
1,f_f005468,3,1,6,1
3,f_f005468,5,2,3,1
2,f_f005468,3,2,6,1
1,f_f005482,8,2,3,1
2,f_f005485,2,2,3,1
3,f_f005485,2,1,3,1
1,f_f005485,1,1,6,1
1,f_f005495,7,2,3,1
2,f_f005495,7,2,3,1
1,f_f005496,1,1,4,1
1,f_f005498,8,1,3,1
1,f_f005506,8,1,4,1
1,f_f005509,2,2,4,1
1,f_f005512,9,1,3,3
3,f_f005512,7,2,3,1
2,f_f005512,9,1,3,3
2,f_f005513,7,2,4,1
1,f_f005513,7,2,4,1
2,f_f005519,2,1,2,1
1,f_f005519,1,1,5,1
1,f_f005526,3,2,7,1
1,f_f005528,7,2,4,1
1,f_f005532,8,1,3,1
1,f_f005533,7,1,4,1
1,f_f005540,3,2,6,1
1,f_f005543,8,1,4,3
2,f_f005549,7,1,3,1
1,f_f005549,7,1,3,1
3,f_f005549,7,1,3,1
1,f_f005551,1,1,5,1
3,f_f005551,2,2,2,1
2,f_f005551,2,1,2,1
4,f_f005551,2,2,2,1
2,f_f005556,10,2,3,3
4,f_f005556,10,2,4,3
6,f_f005556,10,2,3,3
8,f_f005556,10,1,4,3
10,f_f005556,10,1,4,3
1,f_f005556,10,1,4,3
3,f_f005556,10,1,4,3
5,f_f005556,10,1,4,3
7,f_f005556,10,1,4,3
9,f_f005556,10,1,4,3
1,f_f005575,1,1,5,1
3,f_f005575,2,2,1,1
2,f_f005575,2,1,1,1
1,f_f005577,7,2,3,1
3,f_f005577,7,2,3,1
2,f_f005577,7,2,3,1
1,f_f005584,8,1,4,1
1,f_f005590,5,2,4,3
1,f_f005591,6,2,3,1
1,f_f005604,8,1,3,1
1,f_f005615,5,1,3,3
1,f_f005621,7,2,3,1
1,f_f005622,8,1,6,1
1,f_f005635,8,2,3,1
1,f_f005640,7,1,4,1
1,f_f005645,5,2,2,1
1,f_f005647,7,2,3,1
1,f_f005655,1,1,7,1
3,f_f005655,2,2,4,1
2,f_f005655,2,1,3,1
2,f_f005676,2,1,1,1
1,f_f005676,1,2,5,1
3,f_f005676,3,2,8,3
1,f_f005677,8,2,3,1
2,f_f005678,2,1,1,1
1,f_f005678,1,1,5,1
1,f_f005679,7,2,3,1
1,f_f005680,8,1,3,1
1,f_f005694,8,1,3,1
1,f_f005769,8,1,4,1
1,f_f005780,8,2,3,1
2,f_f005787,7,2,6,1
1,f_f005787,7,2,6,1
1,f_f005801,8,1,3,3
1,f_f005803,7,2,3,1
2,f_f005803,7,2,3,1
1,f_f005804,8,1,3,1
3,f_f005804,7,2,3,1
2,f_f005804,7,2,3,1
1,f_f005845,8,1,4,1
1,f_f005847,8,1,3,1
1,f_f005862,5,2,3,1
1,f_f005863,8,2,4,1
1,f_f005876,3,2,8,1
1,f_f005881,1,2,4,1
1,f_f005883,8,1,3,1
3,f_f005883,7,1,3,1
2,f_f005883,7,2,3,1
1,f_f005884,7,2,3,1
1,f_f005887,8,1,3,1
1,f_f005896,8,1,3,1
1,f_f005915,8,1,3,1
1,f_f005925,7,1,4,3
1,f_f005927,8,1,3,3
1,f_f005939,8,1,3,1
1,f_f005941,2,1,3,1
2,f_f005941,2,2,3,1
1,f_f005943,8,2,3,1
2,f_f005946,2,1,4,1
1,f_f005946,1,2,6,1
2,f_f005947,7,1,3,1
1,f_f005947,7,1,3,1
3,f_f005947,8,1,3,1
1,f_f005948,3,2,6,1
2,f_f005948,5,2,3,1
1,f_f005950,7,2,3,1
2,f_f005956,10,2,3,1
4,f_f005956,10,2,3,1
1,f_f005956,10,1,3,1
3,f_f005956,10,2,3,1
1,f_f005976,8,1,3,1
1,f_f006041,1,1,4,1
1,f_f006047,5,2,3,1
1,f_f006060,8,1,3,1
1,f_f006065,3,1,6,1
2,f_f006065,3,2,6,1
1,f_f006070,1,1,4,1
1,f_f006074,8,1,3,1
1,f_f006082,7,1,3,2
2,f_f006083,7,2,4,3
1,f_f006083,5,2,3,1
1,f_f006085,8,1,5,3
2,f_f006089,2,2,1,1
1,f_f006089,1,1,5,1
1,f_f006098,7,2,3,1
1,f_f006111,8,2,3,1
2,f_f006123,7,2,3,3
4,f_f006123,7,2,3,3
1,f_f006123,7,1,3,3
3,f_f006123,8,1,3,1
2,f_f006135,5,2,4,1
1,f_f006135,3,2,7,1
3,f_f006135,7,1,3,1
1,f_f006143,1,1,4,1
1,f_f006157,8,1,4,1
3,f_f006173,10,2,4,3
5,f_f006173,10,2,4,3
7,f_f006173,10,2,6,3
2,f_f006173,10,2,4,1
4,f_f006173,10,2,4,3
6,f_f006173,10,2,5,3
8,f_f006173,10,2,4,3
1,f_f006173,10,1,4,1
1,f_f006178,8,1,3,1
2,f_f006192,5,2,3,1
1,f_f006192,5,2,4,1
3,f_f006192,5,1,3,1
1,f_f006199,8,2,3,1
1,f_f006237,8,1,4,3
1,f_f006243,7,2,3,1
1,f_f006334,8,1,4,1
2,f_f006335,2,1,3,1
1,f_f006335,1,1,6,1
2,f_f006337,2,2,2,1
1,f_f006337,1,1,5,1
1,f_f006341,2,2,1,1
1,f_f006347,3,2,6,1
1,f_f006349,1,2,5,1
1,f_f006352,8,2,5,1
1,f_f006353,7,2,4,3
1,f_f006356,5,2,4,1
3,f_f006356,2,1,1,1
5,f_f006356,11,2,1,1
2,f_f006356,2,2,1,1
4,f_f006356,11,2,1,1
1,f_f006359,2,2,1,1
1,f_f006360,8,2,4,1
1,f_f006362,1,1,6,1
2,f_f006362,2,1,1,1
1,f_f006368,7,2,4,1
1,f_f006371,2,1,1,1
2,f_f006372,2,2,2,1
1,f_f006372,1,2,5,1
3,f_f006372,2,2,2,1
1,f_f006376,1,2,5,1
2,f_f006376,2,1,1,1
2,f_f006378,2,2,2,1
1,f_f006378,1,2,5,1
3,f_f006378,2,1,1,1
1,f_f006381,1,1,5,1
3,f_f006381,2,1,2,1
2,f_f006381,2,2,2,1
1,f_f006388,1,1,5,1
2,f_f006388,2,2,2,1
1,f_f006389,2,2,2,1
1,f_f006392,1,1,5,1
3,f_f006392,2,1,2,1
2,f_f006392,2,1,2,1
4,f_f006392,2,1,2,1
1,f_f006393,8,1,4,1
3,f_f006394,2,1,1,1
2,f_f006394,2,2,2,1
1,f_f006394,1,1,5,1
1,f_f006396,1,2,4,1
1,f_f006398,1,1,5,1
1,f_f006399,3,2,7,1
1,f_f006401,7,2,4,1
2,f_f006403,2,1,1,1
4,f_f006403,3,1,7,3
6,f_f006403,6,1,4,3
1,f_f006403,1,2,4,1
3,f_f006403,2,1,1,1
5,f_f006403,3,2,7,3
7,f_f006403,6,2,4,3
2,f_f006406,7,2,6,1
1,f_f006406,1,1,6,1
3,f_f006406,7,1,6,1
1,f_f006483,8,2,3,1
1,f_f006484,7,2,3,1
1,f_f006523,3,2,7,1
1,f_f006525,1,1,4,1
3,f_f006525,2,2,1,1
2,f_f006525,2,1,1,1
1,f_f006533,7,1,3,1
1,f_f006548,7,2,3,1
4,f_f006550,5,2,5,1
6,f_f006550,11,1,2,1
8,f_f006550,11,1,5,1
1,f_f006550,3,1,8,1
3,f_f006550,5,1,3,1
5,f_f006550,5,2,4,1
7,f_f006550,11,1,2,1
2,f_f006550,3,2,7,1
2,f_f006551,4,2,8,3
1,f_f006551,3,2,7,1
1,f_f006625,7,2,4,1
1,f_f006626,7,2,3,2
3,f_f006626,7,2,3,2
2,f_f006626,7,2,3,2
1,f_f006659,8,1,3,1
1,f_f006660,8,1,3,1
1,f_f006666,1,1,5,1
2,f_f006668,2,2,2,1
1,f_f006668,1,1,5,1
3,f_f006668,2,2,2,1
1,f_f006678,7,1,3,3
1,f_f006687,8,2,3,1
1,f_f006697,7,2,3,1
1,f_f006714,1,1,4,1
1,f_f006716,8,2,3,1
1,f_f006717,7,2,5,1
1,f_f006718,3,1,6,1
3,f_f006718,5,2,3,1
2,f_f006718,3,2,6,1
4,f_f006718,5,2,2,1
1,f_f006751,8,1,3,3
1,f_f006760,7,2,5,1
1,f_f006769,1,1,5,1
1,f_f006775,3,2,5,1
3,f_f006775,8,1,3,1
2,f_f006775,5,2,3,1
1,f_f006800,2,2,3,1
1,f_f006830,7,2,4,1
1,f_f006831,1,2,4,1
5,f_f006836,2,2,1,1
2,f_f006836,2,2,4,1
4,f_f006836,2,1,4,1
1,f_f006836,1,1,7,1
3,f_f006836,2,2,4,1
1,f_f006856,8,1,3,1
1,f_f006858,7,2,3,1
2,f_f006858,7,2,3,1
1,f_f006867,8,1,4,1
1,f_f006871,8,1,3,1
1,f_f006879,8,1,3,1
1,f_f006910,8,1,3,1
1,f_f006914,7,1,3,1
1,f_f006921,1,1,5,1
3,f_f006921,2,1,1,1
2,f_f006921,2,2,2,1
1,f_f006924,8,2,3,1
1,f_f006925,8,1,3,1
3,f_f006925,7,2,3,3
2,f_f006925,7,1,3,3
4,f_f006925,7,2,3,3
1,f_f006933,1,1,4,1
1,f_f006934,7,2,4,1
1,f_f006943,1,2,4,1
3,f_f006943,2,2,1,1
2,f_f006943,2,2,1,1
1,f_f006957,8,1,3,1
3,f_f006957,7,2,3,1
2,f_f006957,7,1,3,1
1,f_f006967,8,1,4,1
1,f_f006971,5,2,3,1
2,f_f006971,5,1,3,1
1,f_f006976,1,2,5,1
3,f_f006976,2,1,2,1
2,f_f006976,2,2,3,1
1,f_f007010,2,2,3,1
1,f_f007020,1,1,4,1
2,f_f007047,7,2,3,1
1,f_f007047,7,2,3,1
1,f_f007065,8,1,3,1
1,f_f007075,9,1,5,1
1,f_f007082,7,2,4,1
1,f_f007088,1,2,3,1
1,f_f007093,8,1,4,1
1,f_f007094,8,2,4,1
1,f_f007095,7,2,3,1
3,f_f007095,7,2,3,1
2,f_f007095,7,2,3,1
1,f_f007111,1,2,4,1
1,f_f007129,8,1,3,1
4,f_f007131,7,1,3,1
1,f_f007131,7,1,3,1
3,f_f007131,7,1,3,1
5,f_f007131,7,1,3,1
2,f_f007131,7,1,3,1
1,f_f007133,7,2,4,1
2,f_f007133,7,2,4,1
1,f_f007144,7,1,3,1
1,f_f007148,8,1,3,1
1,f_f007186,9,1,3,1
3,f_f007186,9,1,3,1
5,f_f007186,9,1,3,1
7,f_f007186,9,2,3,1
2,f_f007186,9,1,3,1
4,f_f007186,9,1,3,1
6,f_f007186,9,1,3,1
8,f_f007186,9,2,3,1
1,f_f007193,3,1,7,1
2,f_f007193,3,2,6,1
1,f_f007199,1,1,5,1
2,f_f007199,2,2,1,1
1,f_f007200,3,1,8,1
3,f_f007200,1,1,5,1
5,f_f007200,2,2,1,1
2,f_f007200,3,2,7,1
4,f_f007200,2,1,1,1
6,f_f007200,5,1,4,3
1,f_f007205,8,1,3,1
1,f_f007206,8,1,3,1
1,f_f007209,7,2,3,1
3,f_f007209,7,2,3,1
2,f_f007209,7,2,3,1
4,f_f007209,7,2,3,1
2,f_f007210,7,1,3,3
4,f_f007210,10,1,3,3
6,f_f007210,10,1,4,3
1,f_f007210,8,1,3,1
3,f_f007210,10,1,3,3
5,f_f007210,10,1,3,3
7,f_f007210,10,2,3,3
1,f_f007216,7,1,3,1
1,f_f007225,7,2,3,1
3,f_f007225,7,1,3,1
5,f_f007225,7,1,3,1
2,f_f007225,7,2,3,1
4,f_f007225,7,1,3,1
1,f_f007226,7,2,3,1
2,f_f007232,7,2,4,3
1,f_f007232,7,2,4,1
1,f_f007233,8,1,4,1
1,f_f007244,8,1,3,1
1,f_f007245,7,2,3,1
1,f_f007246,7,2,3,1
2,f_f007306,7,2,3,1
1,f_f007306,7,2,3,1
1,f_f007335,8,1,3,1
2,f_f007353,5,2,4,1
1,f_f007353,3,1,7,1
3,f_f007353,6,1,1,1
1,f_f007354,1,2,4,3
1,f_f007375,8,1,3,1
1,f_f007388,8,2,3,1
2,f_f007402,9,2,5,3
1,f_f007402,1,2,4,1
3,f_f007402,9,1,2,3
1,f_f007404,3,2,6,1
2,f_f007404,5,2,4,1
1,f_f007437,3,1,7,1
3,f_f007437,6,1,4,1
2,f_f007437,5,2,4,1
2,f_f007460,7,2,3,2
1,f_f007460,7,2,3,1
1,f_f007494,8,1,3,1
1,f_f007497,7,1,3,1
3,f_f007497,7,2,3,1
5,f_f007497,7,1,3,3
2,f_f007497,7,1,3,1
4,f_f007497,7,2,3,1
6,f_f007497,7,2,3,3
1,f_f007499,3,2,6,1
1,f_f007501,8,1,3,1
1,f_f007502,3,2,7,1
1,f_f007506,8,1,3,1
1,f_f007514,7,1,4,1
3,f_f007514,7,1,4,1
5,f_f007514,7,2,4,1
2,f_f007514,7,1,4,1
4,f_f007514,7,1,4,1
1,f_f007515,7,2,3,1
1,f_f007520,7,2,3,1
3,f_f007520,7,2,3,1
2,f_f007520,7,2,3,1
4,f_f007520,7,2,3,1
1,f_f007525,8,1,3,1
1,f_f007528,8,1,5,1
2,f_f007529,3,2,6,3
1,f_f007529,3,1,6,3
3,f_f007529,5,1,3,3
1,f_f007530,7,2,4,1
1,f_f007535,9,2,4,1
3,f_f007535,9,2,4,1
2,f_f007535,9,2,4,1
2,f_f007538,3,2,6,1
1,f_f007538,3,1,7,1
4,f_f007548,7,2,4,1
1,f_f007548,7,2,4,3
3,f_f007548,7,2,4,1
2,f_f007548,7,2,4,3
1,f_f007550,7,2,4,1
1,f_f007561,7,2,3,3
1,f_f007567,1,1,4,1
1,f_f007568,7,2,4,1
2,f_f007631,7,2,7,1
1,f_f007631,7,2,7,1
3,f_f007631,7,2,6,1
2,f_f007688,2,1,3,1
1,f_f007688,1,2,5,1
1,f_f007690,8,1,4,1
1,f_f007700,3,1,8,1
2,f_f007700,3,2,7,1
1,f_f007701,1,1,5,1
3,f_f007701,2,2,1,1
2,f_f007701,2,2,1,1
2,f_f007719,7,2,3,3
1,f_f007719,7,1,3,3
1,f_f007731,7,2,3,1
2,f_f007733,3,2,7,3
4,f_f007733,5,1,3,3
6,f_f007733,6,2,1,3
1,f_f007733,3,1,7,3
3,f_f007733,5,2,4,3
5,f_f007733,6,1,4,3
1,f_f007736,5,2,3,3
1,f_f007746,1,2,3,1
1,f_f007772,7,2,3,1
3,f_f007772,7,2,4,1
2,f_f007772,7,2,3,1
4,f_f007772,7,2,4,1
1,f_f007810,8,1,4,1
1,f_f007862,8,1,3,1
3,f_f007864,3,1,8,1
5,f_f007864,6,2,7,1
7,f_f007864,6,1,5,2
9,f_f007864,6,2,2,1
2,f_f007864,2,1,1,1
4,f_f007864,3,2,7,1
6,f_f007864,5,2,5,1
8,f_f007864,6,1,2,1
1,f_f007864,1,1,4,1
1,f_f007869,3,2,7,1
2,f_f007876,7,2,3,1
1,f_f007876,7,1,4,1
1,f_f007898,8,1,3,1
1,f_f007899,1,2,5,1
1,f_f007916,8,1,3,1
2,f_f007918,3,2,6,1
1,f_f007918,3,1,6,1
3,f_f007918,5,1,3,1
1,f_f007919,8,1,3,1
2,f_f007924,7,2,3,1
1,f_f007924,7,2,3,1
1,f_f007929,8,1,3,1
2,f_f007937,7,2,3,1
1,f_f007937,5,2,3,1
1,f_f007941,8,2,4,1
2,f_f007948,7,2,6,1
1,f_f007948,7,2,6,1
1,f_f007952,7,2,3,1
1,f_f007953,7,2,4,1
2,f_f007956,7,2,7,1
1,f_f007956,7,2,4,1
1,f_f007957,8,2,3,1
1,f_f007958,1,2,4,1
2,f_f007958,2,2,1,1
2,f_f007959,2,2,1,1
1,f_f007959,1,2,4,1
2,f_f007960,2,2,1,1
1,f_f007960,1,1,4,1
1,f_f007961,8,2,3,1
1,f_f007965,8,1,3,1
2,f_f007997,2,2,5,1
1,f_f007997,1,2,7,1
1,f_f008015,7,2,4,1
2,f_f008031,3,2,7,1
1,f_f008031,3,1,7,1
1,f_f008053,8,1,3,1
1,f_f008072,8,2,3,1
1,f_f008082,2,2,3,1
1,f_f008089,8,1,3,1
1,f_f008094,8,2,3,3
1,f_f008096,7,2,3,1
2,f_f008096,7,2,3,1
1,f_f008099,7,2,6,1
2,f_f008099,7,2,7,1
1,f_f008109,7,2,3,1
2,f_f008109,7,2,3,3
1,f_f008141,8,1,3,1
1,f_f008145,2,2,3,3
2,f_f008161,7,1,4,1
1,f_f008161,7,1,4,1
3,f_f008161,7,1,4,1
1,f_f008165,1,1,4,1
1,f_f008169,2,2,1,1
3,f_f008169,3,2,7,1
2,f_f008169,3,1,7,1
1,f_f008174,8,1,3,3
1,f_f008177,1,1,4,1
2,f_f008178,3,2,7,1
4,f_f008178,6,2,4,1
1,f_f008178,3,1,8,1
3,f_f008178,5,1,4,1
5,f_f008178,6,1,1,1
1,f_f008180,8,1,3,1
1,f_f008181,7,2,4,1
3,f_f008181,7,2,4,1
2,f_f008181,7,2,4,1
1,f_f008187,8,1,3,1
1,f_f008188,1,1,4,1
1,f_f008190,8,1,3,1
1,f_f008193,8,1,3,1
1,f_f008194,8,1,4,1
1,f_f008198,8,2,3,1
2,f_f008200,2,1,2,1
1,f_f008200,1,2,5,1
3,f_f008200,2,1,2,1
1,f_f008203,5,2,4,1
1,f_f008210,1,1,6,1
1,f_f008212,7,2,3,1
2,f_f008213,7,2,3,1
1,f_f008213,7,2,3,1
3,f_f008213,7,1,3,1
1,f_f008216,7,2,5,1
2,f_f008216,7,2,5,3
1,f_f008218,8,2,3,1
3,f_f008225,2,2,2,1
2,f_f008225,2,2,2,1
4,f_f008225,2,2,1,1
1,f_f008225,1,1,5,1
1,f_f008255,8,1,3,1
1,f_f008268,7,2,3,1
1,f_f008276,8,2,3,1
1,f_f008291,8,2,3,1
1,f_f008303,1,2,4,1
1,f_f008336,8,1,4,1
1,f_f008352,8,1,3,1
1,f_f008353,8,1,4,3
1,f_f008360,8,1,3,1
1,f_f008367,7,2,3,1
1,f_f008373,3,2,5,1
1,f_f008397,8,1,3,1
2,f_f008400,7,2,3,1
1,f_f008400,7,2,3,3
3,f_f008400,7,2,3,2
1,f_f008402,8,1,3,1
1,f_f008403,7,1,5,1
1,f_f008406,8,1,3,1
1,f_f008413,1,1,7,1
1,f_f008429,7,2,4,1
1,f_f008430,8,2,3,1
1,f_f008436,7,2,3,1
3,f_f008436,7,2,3,1
2,f_f008436,7,2,3,1
1,f_f008438,9,2,5,1
1,f_f008442,8,2,3,3
1,f_f008443,5,2,4,1
1,f_f008445,8,1,4,1
1,f_f008450,8,1,3,1
1,f_f008453,8,1,3,3
1,f_f008473,7,2,3,1
1,f_f008489,1,1,5,1
1,f_f008506,9,2,3,3
3,f_f008506,9,2,3,1
2,f_f008506,9,2,3,1
2,f_f008518,7,2,5,3
1,f_f008518,7,1,5,1
2,f_f008543,2,1,2,1
1,f_f008543,1,2,5,1
3,f_f008543,2,1,2,1
1,f_f008544,1,2,5,1
3,f_f008544,2,2,1,1
2,f_f008544,2,1,2,1
1,f_f008547,2,2,2,1
1,f_f008549,3,2,7,1
2,f_f008553,2,2,1,1
1,f_f008553,1,2,5,1
1,f_f008555,8,2,3,1
1,f_f008560,1,2,7,1
2,f_f008561,2,1,1,1
1,f_f008561,2,2,1,1
1,f_f008563,1,1,5,1
1,f_f008564,1,1,5,1
2,f_f008564,2,2,1,1
1,f_f008568,1,1,4,1
3,f_f008568,2,2,1,1
2,f_f008568,2,1,1,1
2,f_f008570,2,1,1,1
1,f_f008570,1,2,5,1
3,f_f008570,2,1,1,1
1,f_f008572,1,1,4,1
2,f_f008572,2,1,1,1
1,f_f008575,1,1,5,1
1,f_f008579,1,2,4,1
2,f_f008579,2,1,1,1
1,f_f008581,7,2,3,3
1,f_f008584,1,2,5,1
3,f_f008584,2,2,2,1
2,f_f008584,2,1,2,1
1,f_f008585,3,2,7,1
2,f_f008585,5,2,3,1
1,f_f008588,1,2,4,1
3,f_f008588,2,1,1,1
2,f_f008588,2,2,1,1
1,f_f008590,1,1,5,1
2,f_f008590,2,2,1,1
1,f_f008592,1,1,4,1
3,f_f008592,2,1,1,1
2,f_f008592,2,1,1,1
1,f_f008594,8,1,4,1
1,f_f008600,1,2,5,1
3,f_f008600,2,1,1,1
2,f_f008600,2,2,1,1
1,f_f008601,1,1,4,1
1,f_f008602,1,1,4,1
3,f_f008602,2,1,1,1
5,f_f008602,3,2,7,1
2,f_f008602,2,2,2,1
4,f_f008602,2,2,1,1
1,f_f008603,3,2,6,1
1,f_f008604,1,1,5,1
3,f_f008604,2,1,2,1
2,f_f008604,2,1,1,1
1,f_f008607,1,1,5,1
2,f_f008607,2,2,2,1
1,f_f008610,7,2,3,1
1,f_f008611,8,1,4,1
2,f_f008612,7,1,3,3
1,f_f008612,7,1,3,3
3,f_f008612,7,1,3,3
2,f_f008618,11,1,3,3
4,f_f008618,11,1,3,1
6,f_f008618,11,2,3,1
1,f_f008618,11,1,3,3
3,f_f008618,11,1,3,1
5,f_f008618,11,1,3,1
7,f_f008618,8,1,3,1
1,f_f008623,8,1,3,1
1,f_f008625,8,1,3,1
1,f_f008629,8,1,4,1
1,f_f008630,8,1,4,3
1,f_f008652,3,2,6,2
1,f_f008690,8,2,3,1
3,f_f008690,7,1,4,1
2,f_f008690,7,2,3,1
1,f_f008699,8,1,3,1
2,f_f008725,7,2,3,3
1,f_f008725,7,2,3,1
1,f_f008730,8,2,3,1
1,f_f008741,8,1,3,1
1,f_f008750,7,2,3,1
1,f_f008752,1,1,5,1
3,f_f008752,5,1,5,3
2,f_f008752,2,1,2,1
1,f_f008758,8,2,3,3
1,f_f008761,8,2,3,1
1,f_f008775,8,1,3,1
1,f_f008779,7,2,3,1
1,f_f008794,3,2,6,1
1,f_f008803,1,2,4,1
1,f_f008805,8,1,3,3
1,f_f008807,8,1,4,1
1,f_f008810,8,1,4,1
1,f_f008827,8,2,3,3
1,f_f008830,8,2,3,1
2,f_f008831,7,1,3,3
4,f_f008831,7,1,3,3
6,f_f008831,7,1,3,3
1,f_f008831,7,1,3,1
3,f_f008831,7,1,3,3
5,f_f008831,7,1,3,3
7,f_f008831,7,1,3,3
1,f_f008836,7,2,3,1
2,f_f008836,7,2,3,1
1,f_f008838,5,2,2,1
1,f_f008844,8,2,3,1
1,f_f008846,7,2,3,1
1,f_f008852,8,2,3,1
1,f_f008856,7,2,3,1
1,f_f008861,5,2,2,1
2,f_f008866,7,1,3,1
1,f_f008866,8,1,3,1
3,f_f008866,7,1,3,1
1,f_f008870,8,2,3,1
1,f_f008877,8,1,4,1
1,f_f008884,7,2,3,1
3,f_f008884,7,2,3,2
2,f_f008884,7,2,3,1
1,f_f008891,7,2,3,1
1,f_f008892,8,1,4,1
1,f_f008899,8,1,3,1
1,f_f008918,3,2,6,1
1,f_f008923,3,1,6,1
2,f_f008923,3,2,6,1
1,f_f008962,8,1,3,1
1,f_f008979,7,2,4,1
1,f_f008997,1,2,4,1
2,f_f008997,2,2,1,1
1,f_f009003,8,1,4,1
1,f_f009030,8,1,4,1
1,f_f009074,7,2,4,1
1,f_f009078,8,1,3,1
2,f_f009091,7,2,3,1
1,f_f009091,7,1,3,1
3,f_f009091,7,2,3,1
1,f_f009097,3,2,6,1
3,f_f009097,5,2,3,1
2,f_f009097,3,1,6,1
1,f_f009141,1,2,6,1
1,f_f009153,7,2,3,1
2,f_f009153,7,2,3,1
1,f_f009155,8,1,3,1
1,f_f009162,8,1,3,1
1,f_f009164,10,2,4,1
1,f_f009165,1,1,4,1
3,f_f009165,2,2,1,1
2,f_f009165,2,2,1,1
1,f_f009169,1,1,4,1
3,f_f009170,2,2,1,1
2,f_f009170,2,1,1,1
1,f_f009170,1,2,4,1
1,f_f009173,1,2,3,1
2,f_f009173,2,1,1,1
1,f_f009177,1,1,4,1
2,f_f009178,2,1,1,1
1,f_f009178,1,2,4,1
2,f_f009180,2,2,1,1
1,f_f009180,3,2,7,1
1,f_f009181,2,2,1,1
1,f_f009184,1,2,5,1
2,f_f009186,2,1,5,1
1,f_f009186,2,2,4,1
3,f_f009186,2,1,1,1
1,f_f009192,7,1,4,1
3,f_f009192,7,1,5,1
5,f_f009192,7,1,5,1
2,f_f009192,7,2,5,1
4,f_f009192,7,2,5,1
2,f_f009203,7,2,2,1
1,f_f009203,7,1,2,1
3,f_f009203,7,2,2,1
1,f_f009231,8,1,3,1
1,f_f009238,8,1,3,1
1,f_f009376,1,2,4,1
2,f_f009430,7,2,3,3
1,f_f009430,7,2,3,3
3,f_f009430,7,2,3,3
1,f_f009445,3,1,6,1
2,f_f009445,3,2,6,1
1,f_f009448,1,2,5,1
1,f_f009454,8,1,3,1
2,f_f009465,7,2,3,3
4,f_f009465,7,2,3,3
1,f_f009465,7,2,3,3
3,f_f009465,7,2,3,3
1,f_f009472,7,2,3,1
1,f_f009480,8,1,3,1
1,f_f009495,8,2,3,1
1,f_f009505,7,2,3,1
1,f_f009516,8,1,4,3
3,f_f009516,7,1,4,3
2,f_f009516,7,1,4,3
1,f_f009556,7,2,3,1
2,f_f009569,2,2,2,1
1,f_f009569,1,1,5,1
3,f_f009569,2,1,2,1
1,f_f009596,8,1,3,1
1,f_f009637,2,1,3,1
1,f_f009640,7,1,3,1
1,f_f009660,7,2,3,3
3,f_f009660,7,2,3,3
2,f_f009660,7,2,3,3
1,f_f009675,8,1,4,1
1,f_f009676,10,2,3,1
3,f_f009676,10,2,3,1
5,f_f009676,10,1,3,1
2,f_f009676,10,2,3,1
4,f_f009676,10,1,3,1
1,f_f009685,8,1,4,1
1,f_f009713,1,2,5,1
3,f_f009713,2,1,1,1
2,f_f009713,2,2,1,1
1,f_f009724,8,1,4,1
1,f_f009733,8,1,3,1
1,f_f009744,1,2,6,1
1,f_f009746,8,1,3,1
1,f_f009758,1,2,4,1
3,f_f009758,2,2,1,1
2,f_f009758,2,2,1,1
2,f_f009763,7,2,4,1
1,f_f009763,7,2,4,1
1,f_f009765,7,2,3,1
1,f_f009827,7,2,3,1
15,f_f009846,10,2,3,1
2,f_f009846,10,2,3,1
4,f_f009846,10,2,3,1
6,f_f009846,10,2,3,1
8,f_f009846,10,2,3,1
10,f_f009846,10,2,3,1
12,f_f009846,10,2,3,1
14,f_f009846,10,2,3,1
16,f_f009846,10,1,3,1
1,f_f009846,10,2,3,1
3,f_f009846,10,2,3,1
5,f_f009846,10,2,3,1
7,f_f009846,10,2,3,1
9,f_f009846,10,2,3,1
11,f_f009846,10,2,3,1
13,f_f009846,10,2,3,1
1,f_f009858,7,1,3,1
2,f_f009858,7,1,3,1
1,f_f009859,7,2,3,1
2,f_f009859,7,2,3,1
1,f_f009875,7,1,3,3
1,f_f009886,7,2,3,1
1,f_f009933,8,1,3,1
1,f_f010006,8,1,3,1
1,f_f010028,8,1,3,1
1,f_f010035,8,2,2,1
1,f_f010085,8,2,4,1
1,f_f010164,8,1,3,1
2,f_f010193,7,2,3,1
1,f_f010193,7,1,3,1
3,f_f010193,7,2,3,1
1,f_f010197,5,2,3,1
1,f_f010239,8,1,3,1
1,f_f010276,8,1,3,1
1,f_f010285,7,2,3,1
1,f_f010291,8,1,3,1
2,f_f010307,3,1,6,1
1,f_f010307,3,2,6,1
3,f_f010307,5,1,3,1
1,f_f010327,8,2,4,1
1,f_f010333,8,1,3,1
2,f_f010338,7,2,3,1
1,f_f010338,7,2,3,1
3,f_f010338,7,2,3,3
1,f_f010340,3,2,6,1
2,f_f010340,5,1,3,1
1,f_f010342,7,2,3,1
3,f_f010342,7,1,3,1
2,f_f010342,7,2,3,1
4,f_f010342,7,1,3,1
1,f_f010348,3,1,6,1
3,f_f010348,5,2,3,1
2,f_f010348,3,2,6,1
3,f_f010391,2,1,1,1
2,f_f010391,2,1,2,1
1,f_f010391,1,2,5,1
1,f_f010426,2,1,1,1
2,f_f010454,2,2,1,1
1,f_f010454,1,1,5,1
2,f_f010463,2,1,1,1
1,f_f010463,1,1,5,1
1,f_f010537,7,2,3,1
1,f_f010597,8,2,3,1
3,f_f010597,7,1,3,1
2,f_f010597,7,1,3,1
3,f_f010608,7,2,3,1
2,f_f010608,7,1,4,1
1,f_f010608,8,1,4,1
1,f_f010631,7,1,5,1
2,f_f010631,7,2,4,3
1,f_f010643,8,2,3,1
1,f_f010645,8,1,3,1
1,f_f010650,3,1,7,1
3,f_f010650,5,2,4,1
5,f_f010650,5,1,4,1
7,f_f010650,11,2,1,1
9,f_f010650,11,1,1,1
2,f_f010650,3,2,6,1
4,f_f010650,11,1,5,1
6,f_f010650,11,2,4,1
8,f_f010650,11,1,1,1
1,f_f010664,7,2,3,1
2,f_f010679,3,1,7,1
1,f_f010679,3,2,7,1
1,f_f010698,7,2,3,1
1,f_f010740,8,1,3,3
1,f_f010742,5,2,3,1
1,f_f010749,7,2,4,1
1,f_f010766,8,1,3,1
1,f_f010783,3,2,6,1
1,f_f010802,8,2,3,3
2,f_f010814,7,2,3,1
1,f_f010814,7,2,3,1
1,f_f010820,8,2,3,1
1,f_f010867,8,1,3,1
1,f_f010870,8,1,3,1
1,f_f010886,5,2,3,1
2,f_f010886,7,2,3,1
1,f_f010912,7,2,3,1
1,f_f010933,1,2,5,1
2,f_f010933,2,1,1,1
1,f_f010938,7,2,3,3
2,f_f010938,8,1,3,3
1,f_f010939,7,2,3,1
1,f_f010945,8,1,3,1
1,f_f010955,8,1,3,1
1,f_f010961,8,1,3,1
3,f_f010961,7,1,3,1
2,f_f010961,7,1,3,1
4,f_f010961,7,1,3,1
1,f_f010981,8,1,3,1
1,f_f010988,8,2,3,1
1,f_f010989,8,1,4,1
1,f_f010995,2,2,3,1
1,f_f011010,7,2,3,1
1,f_f011017,3,1,6,1
3,f_f011017,5,2,2,1
2,f_f011017,3,2,5,1
1,f_f011055,8,1,3,1
1,f_f011139,8,2,3,1
1,f_f011174,9,2,5,1
1,f_f011230,7,1,3,3
1,f_f011231,8,1,3,1
1,f_f011240,7,2,4,1
1,f_f011248,7,2,4,1
1,f_f011281,1,1,4,1
2,f_f011281,2,1,1,1
1,f_f011316,7,2,3,1
3,f_f011316,7,2,3,2
2,f_f011316,7,2,3,1
1,f_f011329,8,1,3,1
1,f_f011335,1,2,5,1
2,f_f011335,2,2,2,1
1,f_f011416,8,1,3,1
2,f_f011427,2,2,1,1
1,f_f011427,1,1,5,1
3,f_f011427,2,2,1,1
1,f_f011464,8,2,2,1
1,f_f011470,8,1,3,1
2,f_f011472,5,2,4,3
1,f_f011472,2,1,1,1
3,f_f011472,6,2,1,3
1,f_f011475,2,2,3,1
1,f_f011476,7,2,3,3
1,f_f011487,7,1,4,3
1,f_f011492,8,1,3,1
1,f_f011494,8,2,4,1
1,f_f011498,7,2,4,1
1,f_f011502,8,2,3,1
2,f_f011503,5,2,3,1
1,f_f011503,3,2,6,1
3,f_f011516,2,2,3,1
2,f_f011516,2,1,3,1
1,f_f011516,1,1,6,1
1,f_f011530,8,1,3,1
1,f_f011531,7,2,3,1
2,f_f011531,7,2,3,1
1,f_f011544,7,1,3,1
3,f_f011544,7,1,3,1
5,f_f011544,7,1,3,1
7,f_f011544,7,1,3,1
2,f_f011544,7,1,3,1
4,f_f011544,7,1,3,1
6,f_f011544,7,1,3,1
1,f_f011554,3,2,6,1
1,f_f011559,9,2,3,1
2,f_f011565,7,2,3,1
1,f_f011565,7,2,3,1
1,f_f011568,8,2,4,1
1,f_f011576,1,1,5,1
3,f_f011576,2,2,1,1
2,f_f011576,2,2,2,1
2,f_f011577,3,2,6,3
1,f_f011577,3,1,7,3
2,f_f011579,2,1,2,1
1,f_f011579,1,1,5,1
3,f_f011579,2,1,2,1
1,f_f011582,1,1,4,1
1,f_f011588,1,2,4,1
3,f_f011588,2,2,1,1
2,f_f011588,2,1,1,1
1,f_f011589,8,2,3,1
1,f_f011598,1,2,4,1
1,f_f011599,1,2,5,1
3,f_f011599,2,1,1,1
2,f_f011599,2,1,2,1
2,f_f011601,7,2,3,1
1,f_f011601,7,2,3,1
2,f_f011615,7,2,3,1
4,f_f011615,7,2,3,1
1,f_f011615,7,2,3,1
3,f_f011615,7,2,3,1
1,f_f011630,7,2,3,1
1,f_f011631,1,1,4,1
2,f_f011631,2,1,1,1
1,f_f011643,8,1,3,1
2,f_f011645,3,2,7,1
1,f_f011645,3,1,7,1
1,f_f011668,8,1,3,1
1,f_f011680,3,2,6,1
1,f_f011686,11,2,5,1
1,f_f011733,8,1,3,1
1,f_f011735,8,2,2,1
2,f_f011754,2,2,3,1
1,f_f011754,1,1,6,1
1,f_f011755,8,1,3,1
1,f_f011771,8,1,3,1
1,f_f011809,8,1,4,1
1,f_f011810,5,2,3,1
1,f_f011818,8,1,3,1
1,f_f011819,1,1,4,1
2,f_f011857,2,1,1,1
1,f_f011857,1,2,4,1
3,f_f011857,2,1,1,1
1,f_f011861,8,1,4,1
1,f_f011864,7,1,3,3
1,f_f011866,3,2,6,1
1,f_f011883,8,1,3,1
1,f_f011890,8,1,3,1
1,f_f011907,9,2,3,1
1,f_f011915,8,1,6,1
3,f_f011915,6,2,1,1
2,f_f011915,5,2,5,1
1,f_f011916,8,1,3,1
1,f_f011918,5,2,3,3
1,f_f011932,8,1,3,1
2,f_f011933,2,1,2,1
1,f_f011933,11,2,5,1
2,f_f011944,5,2,4,1
1,f_f011944,3,2,7,1
3,f_f011944,2,1,1,1
1,f_f011953,8,2,3,1
1,f_f011963,8,1,3,1
1,f_f011978,7,1,4,1
1,f_f011979,1,1,4,1
2,f_f011989,6,2,6,1
1,f_f011989,3,2,7,1
3,f_f011989,6,2,6,1
1,f_f012011,5,2,3,1
1,f_f012115,7,2,3,1
1,f_f012122,8,1,3,1
1,f_f012126,7,2,4,3
1,f_f012128,8,1,3,3
1,f_f012131,8,2,3,1
1,f_f012136,8,2,4,1
1,f_f012142,1,1,4,1
3,f_f012142,7,1,3,1
2,f_f012142,7,2,3,1
1,f_f012144,8,1,4,1
1,f_f012145,7,2,3,1
1,f_f012146,8,2,3,1
1,f_f012150,7,2,3,2
3,f_f012150,7,2,3,1
2,f_f012150,7,2,3,3
1,f_f012160,7,2,3,3
1,f_f012181,7,2,5,1
2,f_f012181,7,2,5,1
2,f_f012185,2,1,1,1
4,f_f012185,2,2,1,1
1,f_f012185,1,1,5,1
3,f_f012185,2,1,1,1
2,f_f012205,2,2,3,1
1,f_f012205,1,1,6,1
3,f_f012205,2,1,3,1
1,f_f012224,7,2,3,1
1,f_f012235,7,1,4,1
3,f_f012235,7,1,4,1
2,f_f012235,7,1,4,1
4,f_f012235,7,1,4,1
3,f_f012238,2,2,1,1
2,f_f012238,2,2,2,1
1,f_f012238,1,2,4,1
1,f_f012240,1,2,4,1
1,f_f012248,1,1,4,1
1,f_f012289,7,1,3,1
3,f_f012289,7,1,3,1
5,f_f012289,7,1,3,1
2,f_f012289,7,1,3,1
4,f_f012289,7,1,3,1
1,f_f012303,7,2,6,1
3,f_f012303,7,2,6,1
5,f_f012303,7,2,5,1
2,f_f012303,7,2,6,1
4,f_f012303,7,2,6,1
1,f_f012305,3,2,7,1
1,f_f012321,8,2,4,1
1,f_f012333,8,1,3,1
1,f_f012364,7,2,3,3
1,f_f012367,8,1,3,1
1,f_f012376,3,1,7,1
2,f_f012376,3,2,7,1
1,f_f012377,5,2,3,1
1,f_f012380,8,2,3,1
1,f_f012381,7,2,3,1
1,f_f012385,7,2,4,1
2,f_f012386,3,2,6,1
1,f_f012386,3,1,6,1
3,f_f012386,5,2,4,1
1,f_f012389,6,2,1,1
2,f_f012389,6,1,1,1
1,f_f012398,8,2,3,1
1,f_f012415,8,1,4,1
1,f_f012420,3,1,8,1
3,f_f012420,2,2,3,1
2,f_f012420,3,2,8,1
4,f_f012420,2,2,2,1
1,f_f012427,1,2,6,1
1,f_f012442,8,1,3,1
1,f_f012450,7,2,4,3
1,f_f012459,8,1,4,3
1,f_f012473,3,1,6,1
3,f_f012473,5,1,3,1
2,f_f012473,3,2,6,1
1,f_f012477,8,1,4,1
1,f_f012478,8,1,5,1
1,f_f012520,8,2,3,3
1,f_f012521,2,2,3,1
1,f_f012540,8,1,3,1
1,f_f012543,7,2,3,1
1,f_f012570,7,2,3,1
1,f_f012585,1,2,4,1
3,f_f012585,2,1,1,1
2,f_f012585,2,1,1,1
1,f_f012607,8,2,3,1
1,f_f012618,7,2,3,1
1,f_f012625,8,1,3,1
1,f_f012629,8,1,3,1
1,f_f012637,8,1,3,1
2,f_f012653,7,2,3,1
1,f_f012653,7,2,3,1
1,f_f012662,1,2,4,1
1,f_f012663,8,2,3,3
1,f_f012670,8,2,3,1
1,f_f012678,1,2,4,1
3,f_f012678,2,2,1,1
2,f_f012678,2,2,2,1
1,f_f012703,7,2,3,1
2,f_f012703,7,2,3,1
1,f_f012707,7,1,5,3
3,f_f012707,7,1,4,3
5,f_f012707,7,2,4,3
7,f_f012707,7,2,3,3
2,f_f012707,7,1,4,3
4,f_f012707,7,2,4,3
6,f_f012707,7,2,4,3
2,f_f012718,7,1,3,1
4,f_f012718,7,2,3,1
1,f_f012718,7,1,3,1
3,f_f012718,7,2,3,1
1,f_f012721,8,1,3,1
1,f_f012724,8,1,3,1
1,f_f012727,5,2,3,2
1,f_f012740,7,2,3,1
2,f_f012740,7,2,3,3
2,f_f012745,7,2,4,3
1,f_f012745,7,2,4,3
3,f_f012745,7,2,4,3
1,f_f012770,7,2,2,1
2,f_f012770,7,2,2,1
1,f_f012773,7,2,3,1
3,f_f012773,7,2,3,3
2,f_f012773,7,2,3,3
1,f_f012776,1,1,3,1
1,f_f012788,8,1,3,1
1,f_f012803,8,1,3,3
1,f_f012811,7,2,4,1
1,f_f012842,7,2,3,1
1,f_f012890,8,1,3,1
1,f_f012892,7,2,5,1
2,f_f012892,7,2,4,1
1,f_f012915,8,1,4,1
2,f_f012924,2,1,2,1
1,f_f012924,1,2,5,1
3,f_f012924,2,1,2,1
1,f_f012934,3,1,8,1
2,f_f012934,3,2,8,1
1,f_f012953,7,2,3,1
2,f_f012980,2,2,2,1
1,f_f012980,1,1,5,1
3,f_f012980,2,1,2,1
1,f_f012988,8,2,3,1
1,f_f012992,8,1,3,1
1,f_f013001,5,2,5,1
1,f_f013006,1,2,4,1
1,f_f013019,1,1,6,1
3,f_f013019,5,2,6,3
5,f_f013019,6,1,7,3
7,f_f013019,6,1,6,3
9,f_f013019,6,2,4,3
2,f_f013019,5,2,6,3
4,f_f013019,5,2,6,3
6,f_f013019,6,1,6,3
8,f_f013019,6,1,3,3
10,f_f013019,6,1,1,3
1,f_f013038,7,1,3,1
3,f_f013038,7,1,3,1
2,f_f013038,7,1,3,1
1,f_f013039,8,1,3,1
1,f_f013061,7,2,3,3
1,f_f013064,7,1,4,3
1,f_f013073,1,1,4,1
2,f_f013073,2,1,1,1
1,f_f013098,7,2,4,1
1,f_f013101,3,2,7,1
1,f_f013110,8,1,3,1
1,f_f013113,1,1,5,1
1,f_f013125,7,2,3,1
3,f_f013125,7,2,3,1
2,f_f013125,7,2,3,1
1,f_f013135,8,2,3,1
1,f_f013141,8,1,3,1
1,f_f013177,8,2,4,1
1,f_f013183,5,2,3,1
1,f_f013184,8,1,3,1
1,f_f013198,8,1,5,1
1,f_f013199,8,1,3,1
1,f_f013201,8,1,4,3
1,f_f013219,7,2,3,1
1,f_f013220,9,1,3,1
3,f_f013263,2,2,1,1
2,f_f013263,2,2,1,1
1,f_f013263,1,2,4,1
2,f_f013267,2,2,3,1
1,f_f013267,1,1,5,1
1,f_f013359,3,2,7,1
1,f_f013394,3,1,7,1
1,f_f013396,5,2,3,2
1,f_f013399,7,1,3,1
1,f_f013407,8,1,3,1
1,f_f013410,7,1,5,1
1,f_f013421,8,1,4,1
1,f_f013425,8,2,3,1
1,f_f013431,1,1,4,1
3,f_f013431,6,2,4,3
2,f_f013431,6,1,4,3
4,f_f013431,6,1,1,3
1,f_f013437,7,2,4,1
2,f_f013442,7,2,3,1
1,f_f013442,7,2,3,1
1,f_f013455,8,2,3,1
1,f_f013463,7,2,3,1
2,f_f013478,4,2,8,1
1,f_f013478,3,2,6,1
3,f_f013478,5,2,3,1
1,f_f013495,1,2,5,1
1,f_f013505,7,2,3,1
1,f_f013507,7,2,3,3
1,f_f013512,1,1,5,1
1,f_f013514,8,1,3,1
1,f_f013525,1,1,5,1
3,f_f013525,2,2,1,1
2,f_f013525,2,2,1,1
1,f_f013529,8,2,3,1
1,f_f013565,7,2,6,1
1,f_f013576,8,1,3,1
1,f_f013592,7,2,3,1
2,f_f013609,2,1,2,1
1,f_f013609,1,1,6,1
1,f_f013616,2,1,2,1
2,f_f013622,7,1,3,1
1,f_f013622,7,1,3,1
1,f_f013628,8,1,3,1
1,f_f013635,3,1,7,1
2,f_f013635,3,2,6,1
1,f_f013638,8,2,3,1
1,f_f013644,1,1,4,1
1,f_f013677,3,2,8,1
1,f_f013681,6,2,3,1
1,f_f013682,7,2,3,1
2,f_f013682,7,2,3,1
3,f_f013850,7,2,6,1
2,f_f013850,7,1,6,1
1,f_f013850,7,1,6,1
2,f_f013861,10,2,5,1
1,f_f013861,10,2,5,1
3,f_f013861,10,1,4,1
1,f_f013874,7,2,3,1
3,f_f013874,7,2,3,1
5,f_f013874,7,1,3,1
7,f_f013874,7,2,3,1
2,f_f013874,7,2,3,1
4,f_f013874,7,1,3,1
6,f_f013874,7,1,3,1
1,f_f013913,8,1,3,1
1,f_f013927,8,2,3,1
1,f_f013969,7,2,3,1
1,f_f013989,8,2,3,1
1,f_f014019,7,1,3,1
1,f_f014026,8,2,4,1
1,f_f014050,8,1,3,1
2,f_f014062,2,1,1,1
1,f_f014062,1,1,5,1
1,f_f014075,8,1,4,1
1,f_f014076,3,2,7,1
1,f_f014080,7,2,3,1
1,f_f014095,3,2,8,1
3,f_f014095,5,2,7,1
2,f_f014095,5,1,7,1
1,f_f014100,2,1,2,1
1,f_f014120,8,1,3,1
1,f_f014128,1,2,6,1
1,f_f014129,8,1,3,1
1,f_f014132,1,1,4,1
1,f_f014144,8,1,3,1
1,f_f014183,8,1,3,1
1,f_f014246,8,1,3,1
1,f_f014252,7,2,3,1
1,f_f014270,7,2,4,1
1,f_f014287,8,2,3,1
1,f_f014354,1,1,5,1
2,f_f014380,3,1,6,1
1,f_f014380,3,2,6,1
3,f_f014380,8,1,3,1
1,f_f014410,1,1,5,1
3,f_f014410,2,1,1,1
2,f_f014410,2,2,2,1
2,f_f014444,2,2,2,1
1,f_f014444,1,1,5,1
1,f_f014507,8,2,5,3
1,f_f014522,5,1,4,1
1,f_f014523,7,2,3,1
2,f_f014523,7,2,3,1
1,f_f014533,7,2,3,1
1,f_f014574,7,2,3,1
1,f_f014575,2,2,3,1
1,f_f014589,8,1,4,1
1,f_f014622,5,2,3,1
3,f_f014641,2,2,1,1
2,f_f014641,2,2,1,1
1,f_f014641,1,2,4,1
2,f_f014662,2,1,1,1
1,f_f014662,1,1,5,1
3,f_f014662,2,1,1,1
1,f_f014698,1,2,3,1
2,f_f014710,7,2,7,3
1,f_f014710,7,2,7,3
3,f_f014710,7,2,7,3
1,f_f014724,6,2,5,1
1,f_f014737,8,1,3,1
1,f_f014824,8,2,4,1
1,f_f014859,8,2,4,1
1,f_f014875,8,1,3,1
1,f_f014892,7,2,3,1
1,f_f014915,9,1,3,1
2,f_f014967,2,1,3,2
1,f_f014967,1,1,6,1
1,f_f014998,1,1,5,1
2,f_f014998,2,1,2,1
1,f_f015017,3,2,6,1
2,f_f015017,4,2,8,1
1,f_f015019,1,1,6,1
3,f_f015019,2,2,3,1
2,f_f015019,2,1,3,1
1,f_f015022,1,1,4,1
1,f_f015032,2,2,5,1
1,f_f015073,2,1,1,1
1,f_f015078,7,2,4,1
1,f_f015079,8,2,3,1
1,f_f015092,7,2,3,1
1,f_f015159,7,2,5,1
2,f_f015159,11,1,1,1
1,f_f015193,8,1,3,1
1,f_f015197,3,2,7,1
3,f_f015197,4,1,8,3
2,f_f015197,5,1,4,1
2,f_f015235,3,2,6,1
1,f_f015235,3,1,7,1
1,f_f015258,1,1,6,1
1,f_f015266,7,2,3,1
2,f_f015267,7,2,3,1
1,f_f015267,7,2,3,3
3,f_f015267,7,2,3,1
1,f_f015277,8,1,4,1
2,f_f015281,7,2,3,1
1,f_f015281,7,2,3,1
1,f_f015282,1,1,4,1
1,f_f015299,8,1,3,1
1,f_f015303,2,1,2,1
2,f_f015303,2,2,2,1
1,f_f015309,8,2,5,1
1,f_f015336,7,2,5,3
1,f_f015340,8,1,3,1
1,f_f015353,7,2,4,1
3,f_f015353,7,2,3,1
2,f_f015353,7,2,4,1
1,f_f015383,2,2,2,1
2,f_f015384,2,2,1,1
1,f_f015384,1,1,4,1
1,f_f015388,1,2,5,1
1,f_f015395,8,1,3,1
2,f_f015406,7,2,3,1
1,f_f015406,7,2,3,1
1,f_f015423,8,1,3,1
1,f_f015427,1,1,7,1
1,f_f015430,7,2,5,3
2,f_f015431,2,2,4,1
1,f_f015431,2,2,4,1
1,f_f015438,1,1,4,1
1,f_f015441,1,1,4,1
2,f_f015441,2,2,1,1
1,f_f015446,8,1,4,1
1,f_f015453,7,2,5,1
1,f_f015457,7,2,3,1
1,f_f015459,3,2,7,1
1,f_f015464,7,2,3,1
2,f_f015467,2,2,3,1
1,f_f015467,2,2,4,1
1,f_f015468,1,1,4,1
8,f_f015471,9,1,3,3
1,f_f015471,9,1,3,3
3,f_f015471,9,1,3,3
5,f_f015471,9,2,4,3
7,f_f015471,9,2,3,3
9,f_f015471,9,1,3,3
2,f_f015471,9,2,3,3
4,f_f015471,9,1,4,3
6,f_f015471,9,2,4,3
1,f_f015474,1,2,3,1
1,f_f015495,3,2,7,1
1,f_f015496,8,1,3,3
1,f_f015504,8,2,4,1
2,f_f015505,2,1,1,1
1,f_f015505,1,1,5,1
3,f_f015505,2,2,1,1
2,f_f015512,2,1,4,1
1,f_f015512,1,2,7,1
3,f_f015512,2,2,4,1
1,f_f015513,1,2,4,1
1,f_f015519,8,1,3,1
1,f_f015520,9,2,4,1
1,f_f015523,7,1,3,1
1,f_f015524,9,2,6,1
3,f_f015524,9,2,6,1
2,f_f015524,9,2,6,1
4,f_f015524,9,2,5,1
1,f_f015525,1,2,6,1
1,f_f015526,8,1,3,1
1,f_f015527,1,2,5,1
2,f_f015528,2,1,1,1
1,f_f015528,1,2,4,1
3,f_f015528,2,1,1,1
2,f_f015531,2,1,1,1
1,f_f015531,1,2,4,1
1,f_f015535,5,2,4,1
1,f_f015540,3,2,7,1
1,f_f015542,3,2,7,1
1,f_f015551,1,2,6,1
1,f_f015566,3,2,7,1
2,f_f015568,2,1,1,1
1,f_f015568,1,1,5,1
3,f_f015568,2,1,2,1
1,f_f015569,1,1,5,1
1,f_f015570,8,2,3,1
1,f_f015573,1,2,5,1
1,f_f015574,1,1,4,1
1,f_f015576,7,2,3,3
2,f_f015576,7,2,3,3
2,f_f015577,2,1,1,1
1,f_f015577,1,2,4,1
2,f_f015581,2,2,1,1
1,f_f015581,1,2,5,1
3,f_f015581,2,2,1,1
1,f_f015584,2,1,1,1
2,f_f015585,7,2,3,1
1,f_f015585,7,2,3,1
1,f_f015589,2,1,3,1
1,f_f015593,1,2,5,1
1,f_f015594,1,2,4,1
2,f_f015594,2,2,1,1
1,f_f015595,8,2,3,3
1,f_f015601,1,1,5,1
3,f_f015601,2,1,2,1
2,f_f015601,2,2,2,1
1,f_f015605,1,1,5,1
1,f_f015606,8,1,4,1
1,f_f015624,8,1,3,1
1,f_f015628,1,1,5,1
2,f_f015630,2,2,1,1
1,f_f015630,1,2,4,1
1,f_f015640,1,2,6,1
1,f_f015643,8,2,4,1
1,f_f015646,2,1,1,1
1,f_f015652,1,1,4,1
2,f_f015655,2,1,1,1
1,f_f015655,1,1,5,1
3,f_f015655,2,2,1,1
1,f_f015662,1,1,5,1
3,f_f015662,2,1,1,1
2,f_f015662,2,2,1,1
2,f_f015664,3,2,7,1
1,f_f015664,3,1,7,1
1,f_f015667,2,2,3,1
1,f_f015680,7,1,3,1
1,f_f015681,3,2,8,1
1,f_f015685,8,1,4,3
1,f_f015686,8,1,4,1
1,f_f015687,8,2,3,1
1,f_f015716,8,2,3,1
2,f_f015727,2,2,4,1
1,f_f015727,1,1,7,1
1,f_f015734,1,2,7,1
1,f_f015745,8,2,4,1
1,f_f015753,8,2,3,1
1,f_f015754,9,2,3,3
1,f_f015755,8,2,4,1
1,f_f015762,2,2,4,1
2,f_f015776,7,2,3,1
1,f_f015776,7,2,3,1
1,f_f015798,8,1,3,1
1,f_f015805,1,1,6,1
1,f_f015818,7,1,3,1
1,f_f015823,8,2,4,1
1,f_f015839,8,2,4,1
1,f_f015840,8,2,3,1
1,f_f015844,7,1,3,1
1,f_f015848,8,2,3,1
1,f_f015868,1,1,5,1
1,f_f015883,8,1,3,1
1,f_f015891,8,2,3,3
1,f_f015904,1,2,5,1
1,f_f015907,1,2,5,1
1,f_f015908,8,1,4,1
1,f_f015911,7,2,3,3
1,f_f015914,3,2,8,1
1,f_f015915,7,2,5,1
1,f_f015921,2,1,1,1
2,f_f015921,2,1,1,1
1,f_f015930,7,1,4,3
1,f_f015934,7,2,3,1
1,f_f015936,5,1,4,1
1,f_f015939,1,1,4,1
1,f_f015941,8,1,3,1
2,f_f015944,2,2,2,1
4,f_f015944,2,1,1,1
1,f_f015944,1,1,5,1
3,f_f015944,2,2,1,1
1,f_f015952,7,2,3,1
2,f_f015952,7,2,3,1
1,f_f015956,8,2,3,1
1,f_f015957,8,1,3,1
2,f_f015971,2,2,1,1
1,f_f015971,1,2,4,1
3,f_f015971,2,2,1,1
1,f_f015991,8,1,3,1
3,f_f016005,7,2,3,1
2,f_f016005,7,2,3,1
1,f_f016005,7,2,3,1
2,f_f016007,9,2,4,1
1,f_f016007,9,2,5,1
3,f_f016007,9,2,2,1
1,f_f016009,1,2,4,1
2,f_f016021,9,1,5,3
4,f_f016021,9,2,5,3
6,f_f016021,9,1,4,3
8,f_f016021,9,1,5,3
1,f_f016021,9,1,5,3
3,f_f016021,9,1,6,3
5,f_f016021,9,2,5,3
7,f_f016021,9,2,5,3
9,f_f016021,9,1,5,3
1,f_f016024,8,2,4,1
1,f_f016027,2,2,2,1
1,f_f016032,8,2,3,1
1,f_f016035,9,2,6,1
3,f_f016035,9,2,7,1
5,f_f016035,9,2,6,1
2,f_f016035,9,2,7,1
4,f_f016035,9,2,7,1
1,f_f016038,1,1,4,1
3,f_f016038,2,1,1,3
2,f_f016038,2,2,1,2
2,f_f016039,1,2,5,1
1,f_f016039,7,1,5,3
3,f_f016039,2,2,2,1
1,f_f016040,7,2,3,1
1,f_f016041,8,2,3,3
1,f_f016053,7,2,4,1
1,f_f016062,8,1,3,1
1,f_f016092,7,2,5,1
1,f_f016097,8,1,3,1
1,f_f016099,8,1,3,1
1,f_f016106,7,2,3,1
1,f_f016115,3,2,6,1
1,f_f016120,1,1,4,1
2,f_f016120,3,2,7,1
1,f_f016323,7,2,4,1
2,f_f016331,2,2,2,1
1,f_f016331,1,2,6,1
1,f_f016334,8,2,4,1
1,f_f016335,7,2,4,2
2,f_f016336,2,1,1,1
1,f_f016336,1,1,5,1
2,f_f016338,2,1,2,1
1,f_f016338,1,1,5,1
3,f_f016338,2,1,2,1
1,f_f016340,8,1,4,1
1,f_f016342,3,2,6,1
1,f_f016343,5,2,4,1
2,f_f016343,7,2,4,2
1,f_f016344,8,2,4,1
2,f_f016376,2,2,1,1
1,f_f016376,1,2,4,1
3,f_f016376,2,2,1,1
1,f_f016381,8,1,4,1
1,f_f016390,8,1,4,3
1,f_f016393,1,1,4,1
1,f_f016398,1,1,5,1
3,f_f016398,2,2,1,1
2,f_f016398,2,2,2,1
1,f_f016399,7,2,4,1
1,f_f016414,5,2,3,1
2,f_f016415,2,2,1,1
1,f_f016415,1,2,5,1
1,f_f016417,2,2,5,1
1,f_f016420,3,2,7,1
1,f_f016422,7,2,4,1
3,f_f016422,7,2,4,1
5,f_f016422,7,2,4,1
2,f_f016422,7,2,4,1
4,f_f016422,7,2,4,1
1,f_f016429,8,1,3,1
1,f_f016432,1,2,5,1
1,f_f016444,2,1,2,1
2,f_f016444,2,2,1,1
1,f_f016454,8,1,4,1
2,f_f016462,2,1,2,1
1,f_f016462,1,1,5,1
3,f_f016462,2,1,2,1
1,f_f016472,1,1,5,1
3,f_f016472,2,2,1,1
2,f_f016472,2,2,1,1
1,f_f016478,2,2,3,1
1,f_f016482,8,1,3,1
1,f_f016483,8,1,3,1
1,f_f016488,7,2,3,1
1,f_f016490,8,1,5,1
1,f_f016499,3,2,6,1
1,f_f016500,5,2,5,1
3,f_f016500,6,1,5,1
2,f_f016500,1,1,6,3
1,f_f016502,2,2,2,1
1,f_f016507,7,2,4,1
1,f_f016510,7,2,3,3
2,f_f016512,2,2,1,1
1,f_f016512,1,2,4,1
3,f_f016512,2,1,1,1
1,f_f016518,2,2,2,1
2,f_f016521,2,2,2,1
1,f_f016521,1,1,5,1
1,f_f016524,8,2,3,1
1,f_f016529,1,1,5,1
3,f_f016529,2,1,1,1
2,f_f016529,2,2,1,1
4,f_f016529,2,1,1,1
2,f_f016530,3,2,7,1
1,f_f016530,3,1,7,1
3,f_f016530,2,2,1,1
1,f_f016531,8,1,4,1
2,f_f016533,2,2,1,1
1,f_f016533,1,1,4,1
1,f_f016548,5,2,4,1
1,f_f016549,3,1,8,1
3,f_f016549,5,1,5,1
2,f_f016549,3,2,7,1
1,f_f016559,8,2,3,1
1,f_f016560,2,2,4,1
1,f_f016562,2,1,1,1
2,f_f016567,7,2,3,1
1,f_f016567,7,1,3,1
3,f_f016567,7,2,3,1
1,f_f016568,8,1,4,1
1,f_f016572,8,2,3,3
2,f_f016576,2,1,1,1
1,f_f016576,1,1,4,1
1,f_f016583,7,1,4,1
1,f_f016586,1,1,5,1
1,f_f016598,1,1,5,1
1,f_f016601,8,1,4,1
1,f_f016611,7,2,3,1
1,f_f016612,1,1,5,1
1,f_f016622,8,2,3,1
1,f_f016639,5,2,3,3
1,f_f016650,1,2,8,1
3,f_f016650,2,2,6,1
2,f_f016650,2,2,7,1
1,f_f016654,8,1,3,1
1,f_f016656,3,2,6,1
1,f_f016664,1,2,5,1
3,f_f016664,2,1,1,1
2,f_f016664,2,1,2,1
1,f_f016676,3,2,6,1
1,f_f016679,8,1,3,3
1,f_f016686,1,2,4,1
2,f_f016689,3,2,7,1
1,f_f016689,3,1,7,1
1,f_f016700,2,2,4,1
1,f_f016703,1,1,5,1
3,f_f016703,2,1,1,1
2,f_f016703,2,1,1,1
2,f_f016705,7,2,6,1
1,f_f016705,3,2,6,1
2,f_f016718,5,2,4,1
1,f_f016718,3,2,6,1
2,f_f016722,2,2,2,1
1,f_f016722,1,1,5,1
3,f_f016722,2,2,1,1
1,f_f016724,8,1,3,1
1,f_f016725,3,2,6,1
2,f_f016740,3,2,6,1
1,f_f016740,3,1,6,1
1,f_f016741,1,1,7,1
2,f_f016772,7,1,6,3
4,f_f016772,7,2,5,3
1,f_f016772,7,2,6,3
3,f_f016772,7,2,4,3
1,f_f016773,7,2,3,1
1,f_f016775,1,1,4,1
2,f_f016775,2,2,1,1
1,f_f016784,1,1,5,1
3,f_f016784,2,1,2,1
2,f_f016784,2,1,2,1
1,f_f016785,7,1,3,1
1,f_f016789,7,1,3,1
1,f_f016795,8,1,3,3
1,f_f016805,8,1,3,1
1,f_f016807,8,2,4,1
1,f_f016808,3,2,7,1
2,f_f016808,5,2,5,1
1,f_f016809,8,1,5,1
1,f_f016814,1,1,6,1
2,f_f016819,3,1,7,1
1,f_f016819,3,2,6,1
2,g_g001917,7,1,3,1
4,g_g001917,7,1,4,3
6,g_g001917,7,2,3,1
8,g_g001917,7,2,3,1
1,g_g001917,7,1,3,1
3,g_g001917,7,1,3,1
5,g_g001917,7,2,3,3
7,g_g001917,7,2,3,1
1,g_g006786,8,2,3,1
3,g_g006786,11,2,3,3
2,g_g006786,7,1,4,3
1,g_g007350,7,2,7,1
